CUST_ID,Cluster
C10001,0
C10002,1
C10003,2
C10004,0
C10005,0
C10006,0
C10007,2
C10008,0
C10009,0
C10010,0
C10011,0
C10012,0
C10013,2
C10014,2
C10015,0
C10016,1
C10017,1
C10018,0
C10019,0
C10020,0
C10021,0
C10022,2
C10023,0
C10024,2
C10025,1
C10026,0
C10027,1
C10028,0
C10029,1
C10030,0
C10031,2
C10032,2
C10033,1
C10034,0
C10035,2
C10036,0
C10037,1
C10038,2
C10039,1
C10040,1
C10041,1
C10043,2
C10044,1
C10045,0
C10046,2
C10047,0
C10048,0
C10049,1
C10050,2
C10051,0
C10052,1
C10053,2
C10054,1
C10055,2
C10056,0
C10057,0
C10058,1
C10059,2
C10060,1
C10061,1
C10062,0
C10063,0
C10064,1
C10065,0
C10067,2
C10068,0
C10069,0
C10070,1
C10071,0
C10072,0
C10073,1
C10074,2
C10075,0
C10077,0
C10078,0
C10079,2
C10080,2
C10081,0
C10082,0
C10083,1
C10084,0
C10085,1
C10086,0
C10087,0
C10088,2
C10089,2
C10090,2
C10092,2
C10093,1
C10094,1
C10095,2
C10096,1
C10097,0
C10098,0
C10099,0
C10100,0
C10101,0
C10102,1
C10103,0
C10104,0
C10105,0
C10106,0
C10107,2
C10108,0
C10109,0
C10110,1
C10111,0
C10112,1
C10113,0
C10114,2
C10115,2
C10116,1
C10117,2
C10118,1
C10119,2
C10120,2
C10121,0
C10122,1
C10123,0
C10124,1
C10125,2
C10126,0
C10127,2
C10128,1
C10130,1
C10131,2
C10132,0
C10133,2
C10134,1
C10135,1
C10136,0
C10137,2
C10138,0
C10139,1
C10140,0
C10141,0
C10142,2
C10143,0
C10144,2
C10145,0
C10146,0
C10147,0
C10148,1
C10149,2
C10150,2
C10151,0
C10152,0
C10153,0
C10154,0
C10155,2
C10156,2
C10157,2
C10158,0
C10159,2
C10160,2
C10161,0
C10162,2
C10163,1
C10164,2
C10165,0
C10166,1
C10167,1
C10168,0
C10169,0
C10170,0
C10171,1
C10172,0
C10173,2
C10174,0
C10175,2
C10176,1
C10177,2
C10178,0
C10179,1
C10180,2
C10181,0
C10182,1
C10183,1
C10184,2
C10185,0
C10186,2
C10187,0
C10188,1
C10189,0
C10190,0
C10191,2
C10192,1
C10193,0
C10194,0
C10196,0
C10197,0
C10198,0
C10199,0
C10200,2
C10201,0
C10202,2
C10203,2
C10204,2
C10205,0
C10206,1
C10207,0
C10208,0
C10209,0
C10211,2
C10212,2
C10213,0
C10214,1
C10215,1
C10216,1
C10217,0
C10218,1
C10219,0
C10220,1
C10221,0
C10222,0
C10223,0
C10224,2
C10226,0
C10227,1
C10228,2
C10229,2
C10230,2
C10231,0
C10232,2
C10233,2
C10234,0
C10235,2
C10236,2
C10237,0
C10238,2
C10239,0
C10240,2
C10241,2
C10242,0
C10243,2
C10244,2
C10245,1
C10246,1
C10247,0
C10248,0
C10249,1
C10250,2
C10251,2
C10252,0
C10253,2
C10254,0
C10255,2
C10256,0
C10257,1
C10258,2
C10259,1
C10260,0
C10261,0
C10262,2
C10263,1
C10265,0
C10266,0
C10267,2
C10269,2
C10270,1
C10271,2
C10272,2
C10273,2
C10274,2
C10275,0
C10276,2
C10277,2
C10278,0
C10279,0
C10280,2
C10281,2
C10282,1
C10283,2
C10284,2
C10285,1
C10286,0
C10287,0
C10288,0
C10289,0
C10290,2
C10291,2
C10292,0
C10293,0
C10294,2
C10295,0
C10296,1
C10297,0
C10298,1
C10299,0
C10300,1
C10301,2
C10302,1
C10303,0
C10304,1
C10305,0
C10306,2
C10307,1
C10308,1
C10309,0
C10310,2
C10311,1
C10312,2
C10313,1
C10314,0
C10315,1
C10316,2
C10317,2
C10318,2
C10319,1
C10320,0
C10321,0
C10322,2
C10323,2
C10324,1
C10325,1
C10326,1
C10327,1
C10328,0
C10329,0
C10330,0
C10331,1
C10332,1
C10333,1
C10334,0
C10335,1
C10336,0
C10337,2
C10338,1
C10339,1
C10340,2
C10341,1
C10342,0
C10343,2
C10344,2
C10345,1
C10346,1
C10347,0
C10348,2
C10349,0
C10350,2
C10351,0
C10352,1
C10353,0
C10354,0
C10355,2
C10356,0
C10357,0
C10358,2
C10359,2
C10360,0
C10361,1
C10362,2
C10364,1
C10365,0
C10366,0
C10367,2
C10368,2
C10369,1
C10370,0
C10371,0
C10372,0
C10373,0
C10374,0
C10375,2
C10376,1
C10377,2
C10378,0
C10379,2
C10380,1
C10381,1
C10382,2
C10383,2
C10384,0
C10385,2
C10386,2
C10387,0
C10388,2
C10389,0
C10390,0
C10391,0
C10392,1
C10393,0
C10395,1
C10396,0
C10397,2
C10398,1
C10399,0
C10400,1
C10402,0
C10403,0
C10404,0
C10405,2
C10406,2
C10407,2
C10408,0
C10409,1
C10410,0
C10411,0
C10412,1
C10413,1
C10414,2
C10415,0
C10416,1
C10417,2
C10419,1
C10420,2
C10421,0
C10422,0
C10423,1
C10424,2
C10425,0
C10426,2
C10427,0
C10428,1
C10429,0
C10430,2
C10431,1
C10432,2
C10433,0
C10434,2
C10435,0
C10436,0
C10437,1
C10438,2
C10439,1
C10441,1
C10442,1
C10443,0
C10444,1
C10445,1
C10446,1
C10447,1
C10448,0
C10449,1
C10450,0
C10451,1
C10452,1
C10453,2
C10454,0
C10455,1
C10456,0
C10457,1
C10458,1
C10459,0
C10460,2
C10461,2
C10462,2
C10463,0
C10466,0
C10467,0
C10468,2
C10469,2
C10470,2
C10471,1
C10472,2
C10473,0
C10474,2
C10475,0
C10476,0
C10477,2
C10478,2
C10480,2
C10481,0
C10482,0
C10483,0
C10484,1
C10485,2
C10486,0
C10487,2
C10488,0
C10489,1
C10490,1
C10491,2
C10492,0
C10493,0
C10494,1
C10495,2
C10497,2
C10498,1
C10501,0
C10502,0
C10503,2
C10504,1
C10505,1
C10506,2
C10507,2
C10508,1
C10509,2
C10510,1
C10511,2
C10512,2
C10513,1
C10514,2
C10515,0
C10516,2
C10517,1
C10518,1
C10519,1
C10520,0
C10521,0
C10522,2
C10523,2
C10524,0
C10525,2
C10526,0
C10527,0
C10528,0
C10529,2
C10530,1
C10532,2
C10533,0
C10534,2
C10535,1
C10536,2
C10537,2
C10538,2
C10539,1
C10540,1
C10542,0
C10543,0
C10544,1
C10545,2
C10546,1
C10547,2
C10548,2
C10549,0
C10550,1
C10551,1
C10552,0
C10553,2
C10554,0
C10555,2
C10556,0
C10557,1
C10558,2
C10559,0
C10560,2
C10561,1
C10562,0
C10563,2
C10564,2
C10565,0
C10566,1
C10567,0
C10568,2
C10569,2
C10570,2
C10571,2
C10572,2
C10573,0
C10574,2
C10575,2
C10576,1
C10577,2
C10578,1
C10579,2
C10580,1
C10581,1
C10582,1
C10583,0
C10584,2
C10585,0
C10586,0
C10587,2
C10588,0
C10589,2
C10590,0
C10591,2
C10592,0
C10593,1
C10594,0
C10595,1
C10596,1
C10597,0
C10598,2
C10599,0
C10600,1
C10601,1
C10602,2
C10603,0
C10604,1
C10605,2
C10606,1
C10607,1
C10608,2
C10609,2
C10610,0
C10611,2
C10612,0
C10613,2
C10615,2
C10616,2
C10617,2
C10618,1
C10619,0
C10620,0
C10621,1
C10622,2
C10623,2
C10624,0
C10625,1
C10626,1
C10627,1
C10628,0
C10629,2
C10630,0
C10631,1
C10632,0
C10633,1
C10634,2
C10635,2
C10636,1
C10637,2
C10638,2
C10639,1
C10640,1
C10641,2
C10642,0
C10643,0
C10644,2
C10645,2
C10646,0
C10647,2
C10648,0
C10649,2
C10650,0
C10651,0
C10652,2
C10653,2
C10654,2
C10655,2
C10656,1
C10657,0
C10658,1
C10659,2
C10660,0
C10661,0
C10662,1
C10663,0
C10665,2
C10666,2
C10667,1
C10668,2
C10669,2
C10670,2
C10671,2
C10672,1
C10673,2
C10674,1
C10675,1
C10676,1
C10677,2
C10678,2
C10679,0
C10680,0
C10681,2
C10682,2
C10683,0
C10684,2
C10685,0
C10686,2
C10688,2
C10689,2
C10690,0
C10691,2
C10692,0
C10693,0
C10694,0
C10695,2
C10696,1
C10697,1
C10698,1
C10699,2
C10700,0
C10701,1
C10702,2
C10703,1
C10704,2
C10705,0
C10706,1
C10707,0
C10708,1
C10709,2
C10710,2
C10711,2
C10712,1
C10713,2
C10714,0
C10715,0
C10716,2
C10717,2
C10718,2
C10719,0
C10720,2
C10721,0
C10722,0
C10723,1
C10724,0
C10725,2
C10726,0
C10727,1
C10728,1
C10729,1
C10730,0
C10731,2
C10732,0
C10733,1
C10734,1
C10735,2
C10736,2
C10737,1
C10738,0
C10739,2
C10740,0
C10741,0
C10742,2
C10743,1
C10744,0
C10745,0
C10746,0
C10747,1
C10748,1
C10749,0
C10750,1
C10751,0
C10752,2
C10753,2
C10754,1
C10755,2
C10756,2
C10757,0
C10758,1
C10759,1
C10760,2
C10761,2
C10762,1
C10763,0
C10764,0
C10765,0
C10766,1
C10767,0
C10768,2
C10769,1
C10770,1
C10771,0
C10772,2
C10773,0
C10774,0
C10775,2
C10776,2
C10777,1
C10779,0
C10780,1
C10781,1
C10782,1
C10783,1
C10784,2
C10785,1
C10786,2
C10787,2
C10788,1
C10789,0
C10790,1
C10791,1
C10792,0
C10793,1
C10794,0
C10795,0
C10796,1
C10797,2
C10798,0
C10799,2
C10800,0
C10801,2
C10803,0
C10804,0
C10805,2
C10806,2
C10807,1
C10808,2
C10809,1
C10810,0
C10811,2
C10812,2
C10813,0
C10814,0
C10815,1
C10816,0
C10817,1
C10818,1
C10819,0
C10820,0
C10821,1
C10822,1
C10823,0
C10824,0
C10825,1
C10826,2
C10827,0
C10828,0
C10829,1
C10830,2
C10831,1
C10832,1
C10833,0
C10834,1
C10835,2
C10836,2
C10837,0
C10838,2
C10839,1
C10840,0
C10841,1
C10843,1
C10844,0
C10845,0
C10846,2
C10847,1
C10848,0
C10849,1
C10850,1
C10852,0
C10853,0
C10854,0
C10855,2
C10856,0
C10857,1
C10858,0
C10859,2
C10860,1
C10861,1
C10862,0
C10863,0
C10864,0
C10865,2
C10866,2
C10867,0
C10868,0
C10869,0
C10870,0
C10871,2
C10872,1
C10873,2
C10874,1
C10875,2
C10876,1
C10877,0
C10878,0
C10879,1
C10880,0
C10881,0
C10882,1
C10883,0
C10884,1
C10885,2
C10886,1
C10887,2
C10888,2
C10889,0
C10890,2
C10891,0
C10892,2
C10893,2
C10894,2
C10895,0
C10896,1
C10897,1
C10898,1
C10899,0
C10900,0
C10901,1
C10902,2
C10903,1
C10904,1
C10905,2
C10906,1
C10907,0
C10908,1
C10909,1
C10910,1
C10911,1
C10912,0
C10913,1
C10914,1
C10915,2
C10916,1
C10917,2
C10918,2
C10919,0
C10920,2
C10921,2
C10922,2
C10923,0
C10924,1
C10925,2
C10926,2
C10927,0
C10928,0
C10929,1
C10930,0
C10931,0
C10932,0
C10933,1
C10934,1
C10935,0
C10936,0
C10937,0
C10939,0
C10940,2
C10941,1
C10942,1
C10943,0
C10944,0
C10945,0
C10946,0
C10947,0
C10949,2
C10950,2
C10951,0
C10952,2
C10953,0
C10954,0
C10955,1
C10956,2
C10957,1
C10958,0
C10959,2
C10960,0
C10961,1
C10962,0
C10963,1
C10965,2
C10966,1
C10967,1
C10968,0
C10969,0
C10970,2
C10971,1
C10972,2
C10973,1
C10974,0
C10975,2
C10976,1
C10977,1
C10978,2
C10979,1
C10980,0
C10981,0
C10982,0
C10983,0
C10984,0
C10985,2
C10986,2
C10987,0
C10988,1
C10989,0
C10990,0
C10991,0
C10992,0
C10993,0
C10994,2
C10995,1
C10996,1
C10997,0
C10998,0
C10999,0
C11000,2
C11001,2
C11002,0
C11003,1
C11004,2
C11005,2
C11006,0
C11007,2
C11008,0
C11009,2
C11010,2
C11011,1
C11012,0
C11013,0
C11014,0
C11015,2
C11016,2
C11017,0
C11018,1
C11019,2
C11020,0
C11021,1
C11022,2
C11023,1
C11024,2
C11025,2
C11026,0
C11027,0
C11028,1
C11029,0
C11030,0
C11031,1
C11032,1
C11033,2
C11034,0
C11035,0
C11036,0
C11038,1
C11039,0
C11040,2
C11041,0
C11042,1
C11043,2
C11044,1
C11045,2
C11046,1
C11047,1
C11048,0
C11049,0
C11050,2
C11051,0
C11052,1
C11053,2
C11054,2
C11055,0
C11056,0
C11057,0
C11058,2
C11059,0
C11060,0
C11061,0
C11062,0
C11063,0
C11064,1
C11065,1
C11066,2
C11067,1
C11068,1
C11069,0
C11070,1
C11071,0
C11072,1
C11073,2
C11074,0
C11075,0
C11076,1
C11077,1
C11078,2
C11079,1
C11080,0
C11081,0
C11082,2
C11083,0
C11084,0
C11085,1
C11086,0
C11087,0
C11088,2
C11089,0
C11090,0
C11091,0
C11092,0
C11093,2
C11094,2
C11095,0
C11096,2
C11097,0
C11098,1
C11099,0
C11100,0
C11101,0
C11102,1
C11103,1
C11104,0
C11105,0
C11106,0
C11107,0
C11108,0
C11109,0
C11110,0
C11111,1
C11112,0
C11113,0
C11114,2
C11115,0
C11116,0
C11117,0
C11118,0
C11119,2
C11120,0
C11121,1
C11122,2
C11123,1
C11124,1
C11125,0
C11126,1
C11128,0
C11129,0
C11130,1
C11131,2
C11132,1
C11133,0
C11134,2
C11135,0
C11136,1
C11137,0
C11138,0
C11139,2
C11140,1
C11141,0
C11142,0
C11143,0
C11145,1
C11146,1
C11148,1
C11149,0
C11150,0
C11151,1
C11152,1
C11153,0
C11154,0
C11155,0
C11156,2
C11157,1
C11158,1
C11159,0
C11161,0
C11162,0
C11163,1
C11164,2
C11165,2
C11166,0
C11167,0
C11169,0
C11170,1
C11171,0
C11172,0
C11173,1
C11174,1
C11175,2
C11176,0
C11177,2
C11178,2
C11179,0
C11180,1
C11181,0
C11182,2
C11184,1
C11185,0
C11186,1
C11187,0
C11188,1
C11189,2
C11190,2
C11192,2
C11193,2
C11195,0
C11196,0
C11197,0
C11198,0
C11199,0
C11200,0
C11201,0
C11202,0
C11203,0
C11204,2
C11205,1
C11206,1
C11207,0
C11208,0
C11209,0
C11210,0
C11211,0
C11212,0
C11213,0
C11214,1
C11215,1
C11216,0
C11217,0
C11219,1
C11220,2
C11221,0
C11222,1
C11223,0
C11224,1
C11225,1
C11226,1
C11227,2
C11228,0
C11229,0
C11230,0
C11231,2
C11232,0
C11233,0
C11234,2
C11235,0
C11236,0
C11237,2
C11238,0
C11239,1
C11240,0
C11241,2
C11242,0
C11243,2
C11244,0
C11245,0
C11246,2
C11247,0
C11248,0
C11249,2
C11250,0
C11251,0
C11252,1
C11253,0
C11254,0
C11255,1
C11256,2
C11257,2
C11258,0
C11259,0
C11260,2
C11261,1
C11262,2
C11263,0
C11264,0
C11265,0
C11266,1
C11267,0
C11268,0
C11269,1
C11270,2
C11271,1
C11272,0
C11273,1
C11274,0
C11275,0
C11276,2
C11277,0
C11278,0
C11279,0
C11280,1
C11281,0
C11282,0
C11283,0
C11284,2
C11285,2
C11286,2
C11287,0
C11288,1
C11289,1
C11290,0
C11291,2
C11292,2
C11293,1
C11294,0
C11295,0
C11296,0
C11297,0
C11298,1
C11299,2
C11300,2
C11301,2
C11302,0
C11303,1
C11304,0
C11305,1
C11306,1
C11307,2
C11308,2
C11309,0
C11310,0
C11311,1
C11312,2
C11313,2
C11314,0
C11315,2
C11316,0
C11317,0
C11318,0
C11319,2
C11320,0
C11321,2
C11322,0
C11323,0
C11324,0
C11325,0
C11326,1
C11327,0
C11328,0
C11329,0
C11330,2
C11331,2
C11332,2
C11334,1
C11335,2
C11336,1
C11337,2
C11338,1
C11339,1
C11340,0
C11341,2
C11342,2
C11343,0
C11344,2
C11345,1
C11346,0
C11347,2
C11348,0
C11349,2
C11350,2
C11351,0
C11352,1
C11353,2
C11354,0
C11355,0
C11356,2
C11357,0
C11358,0
C11359,2
C11360,1
C11361,0
C11362,0
C11363,1
C11364,1
C11365,1
C11366,0
C11367,2
C11368,2
C11369,0
C11370,2
C11371,2
C11372,1
C11373,1
C11374,2
C11375,1
C11376,2
C11377,1
C11378,1
C11379,0
C11380,1
C11381,1
C11382,0
C11383,2
C11384,0
C11385,2
C11386,1
C11387,2
C11388,2
C11389,0
C11390,1
C11391,0
C11392,0
C11394,1
C11395,2
C11396,1
C11397,2
C11398,0
C11399,0
C11400,0
C11401,0
C11402,2
C11403,2
C11404,2
C11405,1
C11406,2
C11407,2
C11408,0
C11409,0
C11410,0
C11411,1
C11412,0
C11413,1
C11414,2
C11415,2
C11416,2
C11417,2
C11418,0
C11419,2
C11420,2
C11421,0
C11422,0
C11423,0
C11424,1
C11425,0
C11426,0
C11427,0
C11428,2
C11429,0
C11430,2
C11431,0
C11432,0
C11433,1
C11434,0
C11435,1
C11436,0
C11437,0
C11438,0
C11439,0
C11440,0
C11441,2
C11442,2
C11443,1
C11444,0
C11445,2
C11446,1
C11447,2
C11448,0
C11449,2
C11450,0
C11451,0
C11452,2
C11453,1
C11454,0
C11455,0
C11456,1
C11457,2
C11458,2
C11459,0
C11460,0
C11461,2
C11463,2
C11464,0
C11466,0
C11467,0
C11468,2
C11469,0
C11470,2
C11471,2
C11472,1
C11473,0
C11474,0
C11475,2
C11476,0
C11477,1
C11478,0
C11479,0
C11480,2
C11481,2
C11482,2
C11483,1
C11484,2
C11485,2
C11486,0
C11487,2
C11488,0
C11489,0
C11490,1
C11491,2
C11492,2
C11493,0
C11494,0
C11495,2
C11496,0
C11497,1
C11498,1
C11499,1
C11500,0
C11501,1
C11502,2
C11503,0
C11504,0
C11505,0
C11506,0
C11507,2
C11508,2
C11509,1
C11510,1
C11511,2
C11512,1
C11513,2
C11514,2
C11515,1
C11516,0
C11517,1
C11518,0
C11519,2
C11520,0
C11522,0
C11523,2
C11524,1
C11526,0
C11527,2
C11528,2
C11529,2
C11530,0
C11531,1
C11532,2
C11533,0
C11534,2
C11536,1
C11537,1
C11538,1
C11539,0
C11540,1
C11541,2
C11542,1
C11543,1
C11544,1
C11545,2
C11546,0
C11547,0
C11548,2
C11549,2
C11550,2
C11551,0
C11552,2
C11553,2
C11554,2
C11555,1
C11556,1
C11557,1
C11558,0
C11559,0
C11560,0
C11561,2
C11562,0
C11563,1
C11564,1
C11565,2
C11566,2
C11567,2
C11568,1
C11569,1
C11570,2
C11571,0
C11572,0
C11573,2
C11574,2
C11575,2
C11576,1
C11577,0
C11578,2
C11579,1
C11580,1
C11581,0
C11582,1
C11583,2
C11585,2
C11586,0
C11587,0
C11588,1
C11589,1
C11590,0
C11591,0
C11592,1
C11593,2
C11594,0
C11595,0
C11596,0
C11597,2
C11598,0
C11599,1
C11600,0
C11601,2
C11602,0
C11603,1
C11604,2
C11605,0
C11606,0
C11607,0
C11608,0
C11609,0
C11610,1
C11611,2
C11612,2
C11613,0
C11614,1
C11615,1
C11616,0
C11617,0
C11618,0
C11619,2
C11621,2
C11622,2
C11623,0
C11624,0
C11625,2
C11626,0
C11627,0
C11628,2
C11629,0
C11630,1
C11631,1
C11632,0
C11633,0
C11634,0
C11635,2
C11636,0
C11637,0
C11638,2
C11639,0
C11640,0
C11641,2
C11642,0
C11643,0
C11644,0
C11645,0
C11646,0
C11647,0
C11648,2
C11649,2
C11650,0
C11651,0
C11652,0
C11653,1
C11654,0
C11655,1
C11656,2
C11657,2
C11658,2
C11659,0
C11660,0
C11661,1
C11662,2
C11663,2
C11664,0
C11666,1
C11667,2
C11668,0
C11669,2
C11670,2
C11671,2
C11672,2
C11673,0
C11674,0
C11675,0
C11676,0
C11677,2
C11678,2
C11679,0
C11680,1
C11681,0
C11682,0
C11683,1
C11684,0
C11685,2
C11686,0
C11687,1
C11688,0
C11689,0
C11690,1
C11691,1
C11692,2
C11693,2
C11694,0
C11695,2
C11696,0
C11697,1
C11698,2
C11699,0
C11700,1
C11701,2
C11702,1
C11703,2
C11704,2
C11705,0
C11706,1
C11707,2
C11708,2
C11709,1
C11710,2
C11711,1
C11712,0
C11713,1
C11714,1
C11715,2
C11716,0
C11717,2
C11718,0
C11719,0
C11720,0
C11721,2
C11722,0
C11723,0
C11724,2
C11725,0
C11726,0
C11728,0
C11729,2
C11730,1
C11731,1
C11732,0
C11733,2
C11734,0
C11735,1
C11736,2
C11737,1
C11738,1
C11739,2
C11740,0
C11741,1
C11742,0
C11743,1
C11744,1
C11745,1
C11746,0
C11747,0
C11749,0
C11750,0
C11751,0
C11752,0
C11753,2
C11754,1
C11755,1
C11756,1
C11757,1
C11758,2
C11759,2
C11760,2
C11761,0
C11762,1
C11763,2
C11764,2
C11765,2
C11766,1
C11767,2
C11768,1
C11769,0
C11770,2
C11771,0
C11773,2
C11774,2
C11775,1
C11776,2
C11777,2
C11778,2
C11779,1
C11780,0
C11781,0
C11782,0
C11784,0
C11785,2
C11786,2
C11787,2
C11788,0
C11789,0
C11790,0
C11791,0
C11792,2
C11794,1
C11795,1
C11796,0
C11797,2
C11798,2
C11799,1
C11800,2
C11801,2
C11802,0
C11803,2
C11804,0
C11805,2
C11806,2
C11807,0
C11808,0
C11809,0
C11810,2
C11811,0
C11813,2
C11814,2
C11815,2
C11816,2
C11817,0
C11818,0
C11819,2
C11820,1
C11821,0
C11822,2
C11823,2
C11824,2
C11825,2
C11826,0
C11827,2
C11828,0
C11829,1
C11830,0
C11831,2
C11832,2
C11833,0
C11834,1
C11835,2
C11836,1
C11837,1
C11838,1
C11839,0
C11840,0
C11841,1
C11842,2
C11843,0
C11844,2
C11845,0
C11846,0
C11847,1
C11848,2
C11849,0
C11850,0
C11851,2
C11852,0
C11853,0
C11854,1
C11855,1
C11856,2
C11857,2
C11858,1
C11859,1
C11860,1
C11861,1
C11862,0
C11863,2
C11864,1
C11865,0
C11866,2
C11867,0
C11868,1
C11869,0
C11870,1
C11871,1
C11872,0
C11873,0
C11874,2
C11875,2
C11876,1
C11877,2
C11878,1
C11879,0
C11880,0
C11881,2
C11882,0
C11883,2
C11884,2
C11885,0
C11886,2
C11887,2
C11888,0
C11889,1
C11890,0
C11892,1
C11893,1
C11894,0
C11895,0
C11896,1
C11897,2
C11898,0
C11899,0
C11900,0
C11901,0
C11902,1
C11903,2
C11904,0
C11905,2
C11906,2
C11907,0
C11908,0
C11909,0
C11910,0
C11911,0
C11912,2
C11913,0
C11914,0
C11915,1
C11916,0
C11917,1
C11918,2
C11919,1
C11920,0
C11921,0
C11922,2
C11924,0
C11925,0
C11926,2
C11927,0
C11928,1
C11929,2
C11930,0
C11931,0
C11932,2
C11933,2
C11934,1
C11935,0
C11936,0
C11937,0
C11938,0
C11939,1
C11940,0
C11941,0
C11942,2
C11943,2
C11944,0
C11945,1
C11946,0
C11947,0
C11948,0
C11949,0
C11950,0
C11951,0
C11952,1
C11953,2
C11954,0
C11955,2
C11956,1
C11957,0
C11958,0
C11959,0
C11960,0
C11961,0
C11962,0
C11963,1
C11964,2
C11965,2
C11966,1
C11967,1
C11968,2
C11969,1
C11970,0
C11971,1
C11972,0
C11973,0
C11974,2
C11975,1
C11976,0
C11977,2
C11978,0
C11979,1
C11980,2
C11981,1
C11982,1
C11983,0
C11984,0
C11985,1
C11986,1
C11987,1
C11988,0
C11989,0
C11990,1
C11991,0
C11992,1
C11993,0
C11994,0
C11995,1
C11996,1
C11997,1
C11998,1
C11999,1
C12000,0
C12001,0
C12002,1
C12004,0
C12005,1
C12006,2
C12007,2
C12008,0
C12009,2
C12010,0
C12011,2
C12012,1
C12013,1
C12014,1
C12015,0
C12016,2
C12017,2
C12018,0
C12019,0
C12020,1
C12021,0
C12022,2
C12023,0
C12024,2
C12025,1
C12026,1
C12027,0
C12028,0
C12029,0
C12030,0
C12031,2
C12032,1
C12033,0
C12034,1
C12035,0
C12036,2
C12037,1
C12038,2
C12039,1
C12040,0
C12041,0
C12042,2
C12043,1
C12044,0
C12045,0
C12046,1
C12047,1
C12048,0
C12049,2
C12050,1
C12051,1
C12052,0
C12053,0
C12054,2
C12055,0
C12056,0
C12057,0
C12058,0
C12059,0
C12060,2
C12061,1
C12062,0
C12063,1
C12064,1
C12065,0
C12066,1
C12067,2
C12068,0
C12069,1
C12070,0
C12071,1
C12072,0
C12073,0
C12074,0
C12075,2
C12076,0
C12077,1
C12078,2
C12079,2
C12080,0
C12081,2
C12082,1
C12083,1
C12084,0
C12085,0
C12086,2
C12087,2
C12088,2
C12089,0
C12090,0
C12091,2
C12092,2
C12093,0
C12094,0
C12095,0
C12096,0
C12097,1
C12098,1
C12099,1
C12100,0
C12101,1
C12102,1
C12103,2
C12104,0
C12105,0
C12107,1
C12108,1
C12109,1
C12110,2
C12111,2
C12112,1
C12113,0
C12114,1
C12115,2
C12116,0
C12117,0
C12118,2
C12119,2
C12120,1
C12121,0
C12122,1
C12124,2
C12125,0
C12127,1
C12128,1
C12129,0
C12130,0
C12131,1
C12132,0
C12133,2
C12134,2
C12135,0
C12136,1
C12137,2
C12138,1
C12139,0
C12140,2
C12141,1
C12142,0
C12143,2
C12144,0
C12145,1
C12146,1
C12147,2
C12148,2
C12149,1
C12150,2
C12151,0
C12152,1
C12153,1
C12154,2
C12155,1
C12156,1
C12157,0
C12158,2
C12159,0
C12160,2
C12161,2
C12162,0
C12163,0
C12164,0
C12165,0
C12166,1
C12167,1
C12168,0
C12169,0
C12170,0
C12171,1
C12172,1
C12173,2
C12174,1
C12175,2
C12176,2
C12177,1
C12178,2
C12179,0
C12180,2
C12181,2
C12182,2
C12183,0
C12184,0
C12185,1
C12186,1
C12187,0
C12188,0
C12189,1
C12190,2
C12191,2
C12192,0
C12194,0
C12195,0
C12196,2
C12197,0
C12198,1
C12199,2
C12200,0
C12201,0
C12202,0
C12203,2
C12204,0
C12205,2
C12206,0
C12207,2
C12208,2
C12209,0
C12210,2
C12211,0
C12212,0
C12213,2
C12214,0
C12215,1
C12216,0
C12217,2
C12218,0
C12219,2
C12220,2
C12221,2
C12222,1
C12223,1
C12224,2
C12225,2
C12226,1
C12227,0
C12228,0
C12229,2
C12230,1
C12231,2
C12232,2
C12233,1
C12234,1
C12235,0
C12236,0
C12237,0
C12238,1
C12239,2
C12240,0
C12241,1
C12242,0
C12243,0
C12244,2
C12246,0
C12247,1
C12248,1
C12249,1
C12250,2
C12251,2
C12252,0
C12253,2
C12254,0
C12255,0
C12256,2
C12257,1
C12258,1
C12260,1
C12261,0
C12262,1
C12263,1
C12264,0
C12265,1
C12266,2
C12267,1
C12268,0
C12269,1
C12270,0
C12271,1
C12272,2
C12273,2
C12274,2
C12275,1
C12276,0
C12277,2
C12278,0
C12279,1
C12280,0
C12281,2
C12282,0
C12283,0
C12284,1
C12285,0
C12286,2
C12287,2
C12288,0
C12289,2
C12291,0
C12292,0
C12293,0
C12294,0
C12295,2
C12296,1
C12297,0
C12298,0
C12299,0
C12300,2
C12301,0
C12302,2
C12303,0
C12304,0
C12305,2
C12306,2
C12307,0
C12308,0
C12309,0
C12310,1
C12311,2
C12312,0
C12313,0
C12314,2
C12315,2
C12316,1
C12317,0
C12318,1
C12319,1
C12320,0
C12321,2
C12322,0
C12323,0
C12324,1
C12325,0
C12326,0
C12327,2
C12329,1
C12330,2
C12331,0
C12332,2
C12333,0
C12334,1
C12335,0
C12336,2
C12337,1
C12338,1
C12339,0
C12340,0
C12341,0
C12342,1
C12343,2
C12344,0
C12345,0
C12346,0
C12347,2
C12348,2
C12349,1
C12350,0
C12351,0
C12352,0
C12353,0
C12354,0
C12355,0
C12356,0
C12357,2
C12358,2
C12359,2
C12360,0
C12361,0
C12362,2
C12363,0
C12364,0
C12365,0
C12366,0
C12367,2
C12368,0
C12369,1
C12370,0
C12371,1
C12372,2
C12373,1
C12374,0
C12375,0
C12376,1
C12377,1
C12378,0
C12381,0
C12382,2
C12383,2
C12384,2
C12385,1
C12386,1
C12387,2
C12388,0
C12389,0
C12390,0
C12391,0
C12392,0
C12393,0
C12394,0
C12395,1
C12396,0
C12397,1
C12398,0
C12399,0
C12400,2
C12401,0
C12402,1
C12403,0
C12404,2
C12405,2
C12406,0
C12407,2
C12408,1
C12409,2
C12410,2
C12411,1
C12412,2
C12413,1
C12414,0
C12415,1
C12416,1
C12417,1
C12418,2
C12419,0
C12420,0
C12421,1
C12422,1
C12423,0
C12424,0
C12425,1
C12426,0
C12427,2
C12428,2
C12429,0
C12430,0
C12431,1
C12432,2
C12433,2
C12434,1
C12435,2
C12436,2
C12437,0
C12438,1
C12439,1
C12440,0
C12441,0
C12442,2
C12443,0
C12444,0
C12445,0
C12446,2
C12447,1
C12448,0
C12449,0
C12450,0
C12451,0
C12452,2
C12453,0
C12454,0
C12455,2
C12456,2
C12457,2
C12458,1
C12459,0
C12460,1
C12461,0
C12462,1
C12463,0
C12464,2
C12465,1
C12466,1
C12467,1
C12468,2
C12469,0
C12470,1
C12471,2
C12472,1
C12473,2
C12474,0
C12475,0
C12476,1
C12477,0
C12478,0
C12479,2
C12480,0
C12481,1
C12482,0
C12483,0
C12484,2
C12485,1
C12486,1
C12487,0
C12488,0
C12489,2
C12490,0
C12491,0
C12492,0
C12493,2
C12494,2
C12495,1
C12497,1
C12498,1
C12499,0
C12500,1
C12501,1
C12502,0
C12503,0
C12504,0
C12505,2
C12506,1
C12507,2
C12508,0
C12509,0
C12510,0
C12511,1
C12512,0
C12513,1
C12514,2
C12515,1
C12516,1
C12517,2
C12518,2
C12519,2
C12520,2
C12521,1
C12522,1
C12523,1
C12524,1
C12525,0
C12526,0
C12527,2
C12528,1
C12529,0
C12530,0
C12531,2
C12532,0
C12533,0
C12534,0
C12535,0
C12536,0
C12537,1
C12538,2
C12539,1
C12540,0
C12541,1
C12542,2
C12543,2
C12544,1
C12545,2
C12546,0
C12547,2
C12548,1
C12549,1
C12550,2
C12551,2
C12552,0
C12553,0
C12554,2
C12555,0
C12556,0
C12557,0
C12558,2
C12559,2
C12560,0
C12561,1
C12562,1
C12563,1
C12564,1
C12565,0
C12566,2
C12567,0
C12568,1
C12569,1
C12570,0
C12571,0
C12572,2
C12573,2
C12574,2
C12575,0
C12576,2
C12577,2
C12578,0
C12579,1
C12580,2
C12581,0
C12582,0
C12583,0
C12584,0
C12585,1
C12586,0
C12587,1
C12588,1
C12589,2
C12590,1
C12591,0
C12592,2
C12593,1
C12594,0
C12595,0
C12596,2
C12597,2
C12598,0
C12599,0
C12600,1
C12601,2
C12602,2
C12603,1
C12604,0
C12605,1
C12606,0
C12607,0
C12608,2
C12609,0
C12610,0
C12611,2
C12612,0
C12613,0
C12614,1
C12615,0
C12616,0
C12617,0
C12618,2
C12619,0
C12620,1
C12621,1
C12622,1
C12623,0
C12624,2
C12625,2
C12626,0
C12627,0
C12628,1
C12629,1
C12630,1
C12631,0
C12632,0
C12633,0
C12634,2
C12635,1
C12636,0
C12637,0
C12638,0
C12639,0
C12640,0
C12641,2
C12642,2
C12643,0
C12644,1
C12645,1
C12646,1
C12647,2
C12648,2
C12650,0
C12651,1
C12652,0
C12653,1
C12654,1
C12655,0
C12656,1
C12657,0
C12658,0
C12659,0
C12660,1
C12661,2
C12663,0
C12664,0
C12665,0
C12666,0
C12667,2
C12668,0
C12669,1
C12670,2
C12671,1
C12672,1
C12673,0
C12674,1
C12675,1
C12676,2
C12677,0
C12678,0
C12679,0
C12680,0
C12681,1
C12682,1
C12683,1
C12684,1
C12685,0
C12686,0
C12687,0
C12688,1
C12689,2
C12690,1
C12691,1
C12692,0
C12693,0
C12694,0
C12695,1
C12696,0
C12697,0
C12698,0
C12699,0
C12700,0
C12701,1
C12702,0
C12703,2
C12704,0
C12705,2
C12706,0
C12707,1
C12708,1
C12709,1
C12710,0
C12712,2
C12713,2
C12714,0
C12715,0
C12716,1
C12717,2
C12718,2
C12719,1
C12720,1
C12721,0
C12722,1
C12723,0
C12724,0
C12725,0
C12726,1
C12727,0
C12728,0
C12729,1
C12730,0
C12731,0
C12732,0
C12733,2
C12734,1
C12735,0
C12736,0
C12737,1
C12738,0
C12739,2
C12740,0
C12741,2
C12742,0
C12743,0
C12744,1
C12745,0
C12746,1
C12747,0
C12748,2
C12749,1
C12750,1
C12751,0
C12752,0
C12753,1
C12754,1
C12755,0
C12756,0
C12757,1
C12758,1
C12759,1
C12760,0
C12761,1
C12762,1
C12763,0
C12764,2
C12765,2
C12766,0
C12767,1
C12768,1
C12769,1
C12770,1
C12771,0
C12772,1
C12773,2
C12774,2
C12775,2
C12776,1
C12777,0
C12778,0
C12779,0
C12780,0
C12781,0
C12782,0
C12783,1
C12784,2
C12786,1
C12787,2
C12788,1
C12789,0
C12790,2
C12791,0
C12792,0
C12793,2
C12794,1
C12795,2
C12796,2
C12797,0
C12798,0
C12799,2
C12800,1
C12801,2
C12802,2
C12803,0
C12804,1
C12805,1
C12806,2
C12807,1
C12808,1
C12809,0
C12810,2
C12811,0
C12812,2
C12813,0
C12814,0
C12815,2
C12816,0
C12818,0
C12819,0
C12820,1
C12821,1
C12822,2
C12823,0
C12824,2
C12825,1
C12826,0
C12827,0
C12828,0
C12829,2
C12830,2
C12831,2
C12832,1
C12833,0
C12834,1
C12835,1
C12836,2
C12837,2
C12838,2
C12839,2
C12840,2
C12841,1
C12842,1
C12843,0
C12844,2
C12845,1
C12846,0
C12847,0
C12848,0
C12849,0
C12850,1
C12851,0
C12852,0
C12853,0
C12854,0
C12855,2
C12857,0
C12858,2
C12859,1
C12860,1
C12861,2
C12862,1
C12863,2
C12864,2
C12865,0
C12866,2
C12867,0
C12868,0
C12869,0
C12871,0
C12872,0
C12873,1
C12874,2
C12875,1
C12876,0
C12877,2
C12878,0
C12879,1
C12880,0
C12881,2
C12883,2
C12884,0
C12885,2
C12886,0
C12887,0
C12888,2
C12889,1
C12890,0
C12891,0
C12892,2
C12893,2
C12894,0
C12895,0
C12896,0
C12897,1
C12898,2
C12899,0
C12900,1
C12901,0
C12902,1
C12903,0
C12904,2
C12905,2
C12906,1
C12907,1
C12908,0
C12909,2
C12910,1
C12911,1
C12912,1
C12913,1
C12914,1
C12915,2
C12916,2
C12917,0
C12918,1
C12919,2
C12920,1
C12921,1
C12922,1
C12923,0
C12924,0
C12925,2
C12926,0
C12927,0
C12928,1
C12929,2
C12930,0
C12931,0
C12932,0
C12933,0
C12934,2
C12935,0
C12936,0
C12937,0
C12938,0
C12939,1
C12941,0
C12943,1
C12944,1
C12945,0
C12946,1
C12947,0
C12948,0
C12949,1
C12950,0
C12951,1
C12952,2
C12953,1
C12954,2
C12955,2
C12956,0
C12957,2
C12958,0
C12959,0
C12960,0
C12961,0
C12962,1
C12963,0
C12964,0
C12965,0
C12966,0
C12967,0
C12968,1
C12969,0
C12970,1
C12971,1
C12972,1
C12973,1
C12974,0
C12975,0
C12976,0
C12977,0
C12978,1
C12979,0
C12980,0
C12981,2
C12982,1
C12983,2
C12984,2
C12985,0
C12986,0
C12987,2
C12988,2
C12989,2
C12990,0
C12991,0
C12992,0
C12993,0
C12994,0
C12995,0
C12996,0
C12997,2
C12998,2
C12999,1
C13000,0
C13001,0
C13002,2
C13004,0
C13005,0
C13006,0
C13007,1
C13008,1
C13009,0
C13011,0
C13012,1
C13013,2
C13014,1
C13015,0
C13016,0
C13017,2
C13018,0
C13019,0
C13020,0
C13021,1
C13022,1
C13023,1
C13024,1
C13025,0
C13026,0
C13027,1
C13028,0
C13029,0
C13031,0
C13032,0
C13033,0
C13034,1
C13035,2
C13036,0
C13037,0
C13038,2
C13039,0
C13040,0
C13041,1
C13042,0
C13043,1
C13044,1
C13045,0
C13046,0
C13047,1
C13048,2
C13049,1
C13050,0
C13051,1
C13052,1
C13053,1
C13054,0
C13056,1
C13057,0
C13058,2
C13059,0
C13060,2
C13061,1
C13062,0
C13063,2
C13064,2
C13065,0
C13066,2
C13067,1
C13068,1
C13069,0
C13070,0
C13071,1
C13072,0
C13073,2
C13074,0
C13076,2
C13077,2
C13078,1
C13079,0
C13080,1
C13081,1
C13082,2
C13083,0
C13084,1
C13085,0
C13086,2
C13087,0
C13088,0
C13089,2
C13090,1
C13091,0
C13092,0
C13093,0
C13094,0
C13095,2
C13096,2
C13097,2
C13098,0
C13099,2
C13100,0
C13101,0
C13102,2
C13103,1
C13104,0
C13105,0
C13106,0
C13107,0
C13108,2
C13109,2
C13110,0
C13111,2
C13112,2
C13113,1
C13114,0
C13115,2
C13116,1
C13117,0
C13118,0
C13119,2
C13120,0
C13121,1
C13122,1
C13123,0
C13124,1
C13125,1
C13126,0
C13127,1
C13128,1
C13129,0
C13130,0
C13131,2
C13132,1
C13133,0
C13134,1
C13135,1
C13136,0
C13137,1
C13138,0
C13139,0
C13140,1
C13141,0
C13142,0
C13143,0
C13144,2
C13145,0
C13146,2
C13147,0
C13148,2
C13149,1
C13150,0
C13151,1
C13152,1
C13153,0
C13154,0
C13155,0
C13156,1
C13157,0
C13158,2
C13159,0
C13160,0
C13161,0
C13162,2
C13163,1
C13164,0
C13165,0
C13166,1
C13167,1
C13168,0
C13169,1
C13170,2
C13171,1
C13172,1
C13173,0
C13174,0
C13175,1
C13176,0
C13178,2
C13179,1
C13180,0
C13181,0
C13182,0
C13183,2
C13184,1
C13185,1
C13186,1
C13187,0
C13188,0
C13189,1
C13190,2
C13191,0
C13192,1
C13193,1
C13194,1
C13195,2
C13196,1
C13197,1
C13198,0
C13199,1
C13200,0
C13201,2
C13202,0
C13203,1
C13204,1
C13205,1
C13206,2
C13207,0
C13208,2
C13209,0
C13210,1
C13211,2
C13212,0
C13213,2
C13214,0
C13215,1
C13216,0
C13217,1
C13218,0
C13219,1
C13220,0
C13221,0
C13222,2
C13223,0
C13224,0
C13225,1
C13226,1
C13227,0
C13228,0
C13229,1
C13230,2
C13231,1
C13232,0
C13233,0
C13234,0
C13235,2
C13236,2
C13237,0
C13238,0
C13239,0
C13240,0
C13241,2
C13242,1
C13243,1
C13244,0
C13245,1
C13246,2
C13247,2
C13248,2
C13249,1
C13250,2
C13251,0
C13252,0
C13253,0
C13254,0
C13255,1
C13257,0
C13258,1
C13259,0
C13260,0
C13261,0
C13262,2
C13263,0
C13264,0
C13265,1
C13266,0
C13267,0
C13268,0
C13269,1
C13270,0
C13271,2
C13272,2
C13273,0
C13275,1
C13276,0
C13277,2
C13278,0
C13279,0
C13280,0
C13282,0
C13283,1
C13284,2
C13285,1
C13286,1
C13287,2
C13288,2
C13289,0
C13290,1
C13291,1
C13292,0
C13293,2
C13294,0
C13295,1
C13296,2
C13297,1
C13298,0
C13299,0
C13300,1
C13301,0
C13302,0
C13303,1
C13304,0
C13305,1
C13306,0
C13307,0
C13308,0
C13309,0
C13310,0
C13312,1
C13313,1
C13314,1
C13315,1
C13316,0
C13317,0
C13318,2
C13319,0
C13320,0
C13321,2
C13322,2
C13323,0
C13324,0
C13325,0
C13326,1
C13327,0
C13328,2
C13329,0
C13330,0
C13331,0
C13332,2
C13333,0
C13334,2
C13335,2
C13336,1
C13337,1
C13338,0
C13339,1
C13340,2
C13341,0
C13342,1
C13343,0
C13344,1
C13345,2
C13346,1
C13347,1
C13348,0
C13349,2
C13350,0
C13351,1
C13352,0
C13353,1
C13354,2
C13355,1
C13356,1
C13357,0
C13358,1
C13359,1
C13360,0
C13361,2
C13362,1
C13363,2
C13364,2
C13365,1
C13366,0
C13367,1
C13368,1
C13369,2
C13370,0
C13371,2
C13372,2
C13373,0
C13374,1
C13375,0
C13376,2
C13377,1
C13378,2
C13379,0
C13380,0
C13381,2
C13382,2
C13383,1
C13384,1
C13385,1
C13386,2
C13387,0
C13388,1
C13389,0
C13390,1
C13391,0
C13392,1
C13393,0
C13394,1
C13395,2
C13396,1
C13397,0
C13398,2
C13399,1
C13400,0
C13401,0
C13402,1
C13403,0
C13404,0
C13405,1
C13406,0
C13407,0
C13408,2
C13409,2
C13410,0
C13411,0
C13412,0
C13413,0
C13414,2
C13416,1
C13417,0
C13418,0
C13419,2
C13420,2
C13421,0
C13422,2
C13423,0
C13424,0
C13425,2
C13426,1
C13427,0
C13428,0
C13429,0
C13430,2
C13431,2
C13432,0
C13433,2
C13434,1
C13435,1
C13436,1
C13437,0
C13439,1
C13440,0
C13441,0
C13442,1
C13443,2
C13444,2
C13445,0
C13446,2
C13447,1
C13448,2
C13449,0
C13450,1
C13451,0
C13452,2
C13453,0
C13454,2
C13455,1
C13456,1
C13457,1
C13458,0
C13459,0
C13460,1
C13461,1
C13462,1
C13463,0
C13464,0
C13465,2
C13466,0
C13467,0
C13468,0
C13469,1
C13470,0
C13471,0
C13472,0
C13473,0
C13474,0
C13475,2
C13476,1
C13478,0
C13479,2
C13480,0
C13481,0
C13482,1
C13483,1
C13484,2
C13485,2
C13486,0
C13487,1
C13488,2
C13489,2
C13490,1
C13491,0
C13492,0
C13493,2
C13494,1
C13495,2
C13496,0
C13497,1
C13498,0
C13499,2
C13500,0
C13501,2
C13502,0
C13503,0
C13504,0
C13505,2
C13506,1
C13507,0
C13508,2
C13509,1
C13510,1
C13511,1
C13512,0
C13513,1
C13514,0
C13515,0
C13516,0
C13517,1
C13518,0
C13519,1
C13520,2
C13521,0
C13522,0
C13523,0
C13524,2
C13525,0
C13526,0
C13527,0
C13528,1
C13529,0
C13530,0
C13531,2
C13532,2
C13533,0
C13534,0
C13535,0
C13536,0
C13537,1
C13538,0
C13539,2
C13540,0
C13541,0
C13542,1
C13543,2
C13544,0
C13545,1
C13546,0
C13547,1
C13548,2
C13549,2
C13550,0
C13551,2
C13552,0
C13553,0
C13554,1
C13555,1
C13556,0
C13557,2
C13558,1
C13559,0
C13560,0
C13561,0
C13562,2
C13563,0
C13564,2
C13565,0
C13566,0
C13567,1
C13568,0
C13569,0
C13570,1
C13571,1
C13572,2
C13573,2
C13574,1
C13575,0
C13576,2
C13577,0
C13578,1
C13579,0
C13580,1
C13581,1
C13582,2
C13583,0
C13584,0
C13585,0
C13586,0
C13587,1
C13588,2
C13589,2
C13591,0
C13592,0
C13593,2
C13594,1
C13596,1
C13597,2
C13598,2
C13599,1
C13600,1
C13601,1
C13602,2
C13603,0
C13604,2
C13605,0
C13606,1
C13607,0
C13608,2
C13610,2
C13611,0
C13612,2
C13613,2
C13614,1
C13615,0
C13616,1
C13617,1
C13618,0
C13619,1
C13620,2
C13621,2
C13622,2
C13623,0
C13624,0
C13625,0
C13626,0
C13627,2
C13628,1
C13629,1
C13630,2
C13631,2
C13632,1
C13633,1
C13634,0
C13635,1
C13636,2
C13637,2
C13638,2
C13639,1
C13640,2
C13641,0
C13642,0
C13643,0
C13644,2
C13645,1
C13646,0
C13647,1
C13648,1
C13649,0
C13650,0
C13651,0
C13652,1
C13653,2
C13654,2
C13655,1
C13656,1
C13657,0
C13658,1
C13659,0
C13660,1
C13661,0
C13662,1
C13663,0
C13664,0
C13665,1
C13666,1
C13668,1
C13669,0
C13670,2
C13671,1
C13672,1
C13673,1
C13674,0
C13675,1
C13676,1
C13677,2
C13678,0
C13679,2
C13680,0
C13681,0
C13682,2
C13683,2
C13684,0
C13685,2
C13686,2
C13687,0
C13688,0
C13689,1
C13690,0
C13691,0
C13692,1
C13693,1
C13694,1
C13695,0
C13696,0
C13697,0
C13698,2
C13699,0
C13701,0
C13702,0
C13703,2
C13704,0
C13705,0
C13706,1
C13707,0
C13708,0
C13709,2
C13710,2
C13711,2
C13712,1
C13713,0
C13714,0
C13715,0
C13717,1
C13718,0
C13719,0
C13720,0
C13721,0
C13722,0
C13723,0
C13724,0
C13725,1
C13726,1
C13727,1
C13728,0
C13729,0
C13730,0
C13731,1
C13732,1
C13733,0
C13734,2
C13735,0
C13736,2
C13737,1
C13738,0
C13739,2
C13740,2
C13741,2
C13742,0
C13743,0
C13744,1
C13745,0
C13746,2
C13747,1
C13748,1
C13749,0
C13750,1
C13751,0
C13752,1
C13753,2
C13754,0
C13755,2
C13756,1
C13757,0
C13758,0
C13759,1
C13760,0
C13761,0
C13762,2
C13763,0
C13764,2
C13765,0
C13767,2
C13768,1
C13769,0
C13770,1
C13771,0
C13772,1
C13773,2
C13774,0
C13775,2
C13776,1
C13777,0
C13778,2
C13779,0
C13780,2
C13781,1
C13782,0
C13783,1
C13784,2
C13785,1
C13786,2
C13787,1
C13788,0
C13789,0
C13790,0
C13791,2
C13792,2
C13793,2
C13794,2
C13795,2
C13796,2
C13797,0
C13798,0
C13799,2
C13800,1
C13801,0
C13802,2
C13803,0
C13804,1
C13805,0
C13806,2
C13807,0
C13809,0
C13810,2
C13811,0
C13812,2
C13813,2
C13814,1
C13815,0
C13816,2
C13817,1
C13819,0
C13820,2
C13821,0
C13822,1
C13823,0
C13824,2
C13825,2
C13826,1
C13827,1
C13828,1
C13829,0
C13830,1
C13831,2
C13832,0
C13833,0
C13834,0
C13835,2
C13836,2
C13837,0
C13838,0
C13839,2
C13840,2
C13841,1
C13842,1
C13843,1
C13844,2
C13845,0
C13846,0
C13847,0
C13848,2
C13849,0
C13850,2
C13851,0
C13852,0
C13853,0
C13855,0
C13856,1
C13857,0
C13858,1
C13859,1
C13860,1
C13861,2
C13862,0
C13863,0
C13864,2
C13865,1
C13866,0
C13867,1
C13868,0
C13869,1
C13870,0
C13871,0
C13872,0
C13873,1
C13874,1
C13875,2
C13876,0
C13877,2
C13878,1
C13879,0
C13881,0
C13882,0
C13883,1
C13884,1
C13885,0
C13886,2
C13887,0
C13888,1
C13889,1
C13890,2
C13891,2
C13892,0
C13893,2
C13894,0
C13895,0
C13896,2
C13897,0
C13898,1
C13899,2
C13900,0
C13901,0
C13902,2
C13903,2
C13904,2
C13905,0
C13906,0
C13907,0
C13908,2
C13909,0
C13910,1
C13911,2
C13912,1
C13913,0
C13914,2
C13915,2
C13916,0
C13917,0
C13918,0
C13919,1
C13920,0
C13921,2
C13922,1
C13923,0
C13924,0
C13925,1
C13926,1
C13927,0
C13928,0
C13929,1
C13930,1
C13931,2
C13932,0
C13933,1
C13934,1
C13935,0
C13936,2
C13937,0
C13938,2
C13939,1
C13940,0
C13941,2
C13942,0
C13943,2
C13944,2
C13945,1
C13946,0
C13947,0
C13948,1
C13949,0
C13950,0
C13951,2
C13952,0
C13953,0
C13954,2
C13955,2
C13956,1
C13957,0
C13958,0
C13959,2
C13960,0
C13961,0
C13962,0
C13964,2
C13965,0
C13966,2
C13967,1
C13968,2
C13969,1
C13970,0
C13971,2
C13972,0
C13973,2
C13974,0
C13975,0
C13977,1
C13978,2
C13979,0
C13980,2
C13981,1
C13982,0
C13983,0
C13984,1
C13985,2
C13986,1
C13987,0
C13988,2
C13989,0
C13990,1
C13991,0
C13992,1
C13993,2
C13994,0
C13995,2
C13996,2
C13997,2
C13998,2
C13999,1
C14000,1
C14001,0
C14002,2
C14003,0
C14004,0
C14005,1
C14006,0
C14007,2
C14008,0
C14009,0
C14010,0
C14011,0
C14012,0
C14013,1
C14014,1
C14015,2
C14016,1
C14017,0
C14018,1
C14019,1
C14020,2
C14021,0
C14022,0
C14023,0
C14024,0
C14026,0
C14027,0
C14028,2
C14029,0
C14030,0
C14031,0
C14032,1
C14033,1
C14034,0
C14035,0
C14036,1
C14037,2
C14038,0
C14039,0
C14040,2
C14041,1
C14042,1
C14043,2
C14044,0
C14045,1
C14046,2
C14047,1
C14048,2
C14049,0
C14050,2
C14051,1
C14052,0
C14053,1
C14054,0
C14055,2
C14056,1
C14057,2
C14058,0
C14059,2
C14060,0
C14061,0
C14062,0
C14063,0
C14064,0
C14065,2
C14066,2
C14067,2
C14068,0
C14069,0
C14070,0
C14071,0
C14072,1
C14073,0
C14074,0
C14075,0
C14076,0
C14077,1
C14078,0
C14079,0
C14080,2
C14081,0
C14082,2
C14083,0
C14084,1
C14085,0
C14086,1
C14087,0
C14088,0
C14089,0
C14090,0
C14091,1
C14092,0
C14094,0
C14095,0
C14096,1
C14097,0
C14098,0
C14099,0
C14100,2
C14101,1
C14102,1
C14103,2
C14104,0
C14105,0
C14106,0
C14107,0
C14108,1
C14109,2
C14111,0
C14112,1
C14113,1
C14114,1
C14115,2
C14116,1
C14117,2
C14119,1
C14120,2
C14121,2
C14122,1
C14123,0
C14124,2
C14125,0
C14126,2
C14127,2
C14128,2
C14129,0
C14130,1
C14131,1
C14132,1
C14133,2
C14134,1
C14135,0
C14136,1
C14137,0
C14138,0
C14139,2
C14140,0
C14141,0
C14142,1
C14143,0
C14144,2
C14145,0
C14146,0
C14147,2
C14148,0
C14149,0
C14150,2
C14151,2
C14152,1
C14153,0
C14154,1
C14155,1
C14156,0
C14157,1
C14158,0
C14159,0
C14161,1
C14162,0
C14163,0
C14164,2
C14165,2
C14166,2
C14167,0
C14168,2
C14169,0
C14170,0
C14171,1
C14172,0
C14173,0
C14174,0
C14175,0
C14177,1
C14178,1
C14179,0
C14180,0
C14181,1
C14182,0
C14183,0
C14184,0
C14185,1
C14186,0
C14187,0
C14188,2
C14189,0
C14190,1
C14191,0
C14192,2
C14193,1
C14194,0
C14195,1
C14196,0
C14197,2
C14198,0
C14199,0
C14200,1
C14201,2
C14202,2
C14203,0
C14204,2
C14205,1
C14206,0
C14207,1
C14208,2
C14209,1
C14210,1
C14211,1
C14212,2
C14213,1
C14214,1
C14215,0
C14216,1
C14217,0
C14218,2
C14219,1
C14220,0
C14221,2
C14222,0
C14223,0
C14224,0
C14225,2
C14226,0
C14227,0
C14228,2
C14229,1
C14230,0
C14231,0
C14232,0
C14233,0
C14234,0
C14235,2
C14236,0
C14237,0
C14238,2
C14239,1
C14240,2
C14241,1
C14242,2
C14243,0
C14244,0
C14245,1
C14246,0
C14247,1
C14248,1
C14249,2
C14250,0
C14251,2
C14252,0
C14253,1
C14254,2
C14255,1
C14256,2
C14257,0
C14258,2
C14259,1
C14260,1
C14261,1
C14262,2
C14263,0
C14264,1
C14265,0
C14266,2
C14267,0
C14268,0
C14269,0
C14270,0
C14271,2
C14272,0
C14273,0
C14274,0
C14275,0
C14276,0
C14277,2
C14278,0
C14279,1
C14280,0
C14281,1
C14282,1
C14283,2
C14284,1
C14285,0
C14286,0
C14287,0
C14288,1
C14289,0
C14290,0
C14291,1
C14292,2
C14293,0
C14294,1
C14295,1
C14297,0
C14298,2
C14299,0
C14300,2
C14301,2
C14302,0
C14303,0
C14304,1
C14305,0
C14306,0
C14307,0
C14308,0
C14309,0
C14310,0
C14311,1
C14312,1
C14313,2
C14314,0
C14315,0
C14316,0
C14317,0
C14318,0
C14319,0
C14320,1
C14322,2
C14323,0
C14324,2
C14325,0
C14326,0
C14327,0
C14328,1
C14329,2
C14330,2
C14331,2
C14332,1
C14333,1
C14334,2
C14335,1
C14336,0
C14337,1
C14338,2
C14339,2
C14340,0
C14341,1
C14342,0
C14343,0
C14344,0
C14345,0
C14346,1
C14347,2
C14348,1
C14349,0
C14350,2
C14351,0
C14352,0
C14353,2
C14354,1
C14355,0
C14356,0
C14357,1
C14358,2
C14359,1
C14360,0
C14361,0
C14362,0
C14363,2
C14364,0
C14365,0
C14366,0
C14367,1
C14368,0
C14369,1
C14370,1
C14371,0
C14372,0
C14373,0
C14374,1
C14375,2
C14376,0
C14377,0
C14378,2
C14379,0
C14380,0
C14381,1
C14382,2
C14383,0
C14384,2
C14385,0
C14386,0
C14387,2
C14388,0
C14389,0
C14390,2
C14391,1
C14392,1
C14393,0
C14394,2
C14395,0
C14396,0
C14397,1
C14398,0
C14399,0
C14400,2
C14401,2
C14402,2
C14403,2
C14404,1
C14405,2
C14406,2
C14407,0
C14408,0
C14409,2
C14410,0
C14411,0
C14412,0
C14413,1
C14414,2
C14415,2
C14416,1
C14417,2
C14418,0
C14419,1
C14421,0
C14422,0
C14423,0
C14424,0
C14425,0
C14426,1
C14427,0
C14428,0
C14429,0
C14430,0
C14431,1
C14432,2
C14433,1
C14434,0
C14435,1
C14436,1
C14437,1
C14439,0
C14440,0
C14441,0
C14442,1
C14443,0
C14444,0
C14445,0
C14447,2
C14448,0
C14449,0
C14450,0
C14451,1
C14452,0
C14453,0
C14455,2
C14456,0
C14457,0
C14458,0
C14459,1
C14460,0
C14461,2
C14462,1
C14463,0
C14464,0
C14465,2
C14466,0
C14467,0
C14468,0
C14469,0
C14470,2
C14471,2
C14472,1
C14473,1
C14474,0
C14475,2
C14476,0
C14477,0
C14478,2
C14479,1
C14480,0
C14481,1
C14482,2
C14483,0
C14484,0
C14485,1
C14486,2
C14487,0
C14488,0
C14489,0
C14490,1
C14492,2
C14493,2
C14494,2
C14495,0
C14496,0
C14497,0
C14498,2
C14499,2
C14500,1
C14501,2
C14502,2
C14503,1
C14504,0
C14505,2
C14506,2
C14507,0
C14508,0
C14509,0
C14510,2
C14511,0
C14512,2
C14513,0
C14514,0
C14515,2
C14516,2
C14517,1
C14518,0
C14519,1
C14520,2
C14521,0
C14522,0
C14523,1
C14524,0
C14525,0
C14526,2
C14527,0
C14528,0
C14529,1
C14530,0
C14531,0
C14532,2
C14533,0
C14534,1
C14535,0
C14536,1
C14537,0
C14538,2
C14539,0
C14540,0
C14541,0
C14542,1
C14543,0
C14544,0
C14545,2
C14546,0
C14547,0
C14548,1
C14549,1
C14550,2
C14551,2
C14553,0
C14554,0
C14555,0
C14556,0
C14557,1
C14558,2
C14559,0
C14560,2
C14561,1
C14562,1
C14563,1
C14564,2
C14565,0
C14566,1
C14567,0
C14568,1
C14569,0
C14570,2
C14571,0
C14572,0
C14573,0
C14574,0
C14575,0
C14576,0
C14577,0
C14578,1
C14579,1
C14580,2
C14581,2
C14582,0
C14583,1
C14584,0
C14585,1
C14586,2
C14587,0
C14588,2
C14589,2
C14590,2
C14591,0
C14592,0
C14593,0
C14594,2
C14595,0
C14596,0
C14597,0
C14598,1
C14599,0
C14600,2
C14601,1
C14602,0
C14603,1
C14604,2
C14606,1
C14607,2
C14608,0
C14609,0
C14610,1
C14611,0
C14612,0
C14613,2
C14614,1
C14615,1
C14616,0
C14617,0
C14618,1
C14619,1
C14620,0
C14621,1
C14622,0
C14623,1
C14624,0
C14625,0
C14626,2
C14627,0
C14628,0
C14629,0
C14630,2
C14631,1
C14632,1
C14633,2
C14634,1
C14635,2
C14636,0
C14637,0
C14638,1
C14639,1
C14640,2
C14641,0
C14642,2
C14643,2
C14644,2
C14645,1
C14646,0
C14647,0
C14648,0
C14649,1
C14650,0
C14651,1
C14652,0
C14653,0
C14654,0
C14655,0
C14656,2
C14657,2
C14658,1
C14659,0
C14660,2
C14661,0
C14662,0
C14663,0
C14664,0
C14665,2
C14666,0
C14667,2
C14668,0
C14669,0
C14670,0
C14672,2
C14673,0
C14674,0
C14675,0
C14676,2
C14677,0
C14678,2
C14679,2
C14680,0
C14681,0
C14682,1
C14683,2
C14684,1
C14685,1
C14686,1
C14687,0
C14688,1
C14689,0
C14690,1
C14691,1
C14692,1
C14693,0
C14694,1
C14695,1
C14696,1
C14697,1
C14698,0
C14699,2
C14700,1
C14701,2
C14702,2
C14703,2
C14704,0
C14705,1
C14706,1
C14707,1
C14708,1
C14709,0
C14710,2
C14711,1
C14712,2
C14713,1
C14714,2
C14715,0
C14716,0
C14717,0
C14718,0
C14719,0
C14720,0
C14721,1
C14722,0
C14723,1
C14724,2
C14725,0
C14726,1
C14727,0
C14728,1
C14729,0
C14730,1
C14731,0
C14732,0
C14733,0
C14734,0
C14735,1
C14736,2
C14737,0
C14738,0
C14739,0
C14740,2
C14741,0
C14742,0
C14743,1
C14744,2
C14745,1
C14746,0
C14747,0
C14748,1
C14749,0
C14750,1
C14751,0
C14752,1
C14753,0
C14754,0
C14755,0
C14756,2
C14757,0
C14758,1
C14759,0
C14760,0
C14761,0
C14762,2
C14763,0
C14764,2
C14765,2
C14766,1
C14767,0
C14768,1
C14769,2
C14770,0
C14771,2
C14772,1
C14773,0
C14774,2
C14775,0
C14776,1
C14777,2
C14778,2
C14779,0
C14780,1
C14781,0
C14783,1
C14784,2
C14785,1
C14786,0
C14787,1
C14788,2
C14789,0
C14790,1
C14791,1
C14792,0
C14793,2
C14794,0
C14795,2
C14796,0
C14797,0
C14798,0
C14799,2
C14800,0
C14802,0
C14803,1
C14804,1
C14805,2
C14806,0
C14807,0
C14808,0
C14809,0
C14810,0
C14811,0
C14812,1
C14813,1
C14814,1
C14815,0
C14816,1
C14817,0
C14818,0
C14819,0
C14820,0
C14821,0
C14822,0
C14823,0
C14824,2
C14825,0
C14826,0
C14827,0
C14828,1
C14829,0
C14830,0
C14831,2
C14832,1
C14833,0
C14834,2
C14835,2
C14836,1
C14837,2
C14838,1
C14839,0
C14841,2
C14842,0
C14843,1
C14844,1
C14845,0
C14846,1
C14847,0
C14848,0
C14849,1
C14850,1
C14851,1
C14852,0
C14853,1
C14854,2
C14855,0
C14856,0
C14857,0
C14858,2
C14859,1
C14860,0
C14861,0
C14862,0
C14863,0
C14864,0
C14865,2
C14866,1
C14867,1
C14868,1
C14870,1
C14871,0
C14872,0
C14873,1
C14874,2
C14876,1
C14877,0
C14878,1
C14879,0
C14880,2
C14881,1
C14882,0
C14884,1
C14885,1
C14886,1
C14887,0
C14888,2
C14889,0
C14890,2
C14892,2
C14894,2
C14895,0
C14896,0
C14897,2
C14898,0
C14899,0
C14900,0
C14901,0
C14902,2
C14903,0
C14904,0
C14905,0
C14906,1
C14907,2
C14908,0
C14909,1
C14910,0
C14911,0
C14912,0
C14913,0
C14914,0
C14915,0
C14916,0
C14917,0
C14918,2
C14919,0
C14920,0
C14921,0
C14922,0
C14923,0
C14924,2
C14925,0
C14926,2
C14927,1
C14928,0
C14929,0
C14930,1
C14931,2
C14932,0
C14933,0
C14934,1
C14935,0
C14936,0
C14937,1
C14938,0
C14939,0
C14940,0
C14941,1
C14942,0
C14943,0
C14944,0
C14945,0
C14946,1
C14947,0
C14948,1
C14949,2
C14950,0
C14951,0
C14952,0
C14953,0
C14954,2
C14955,0
C14956,1
C14957,2
C14958,0
C14959,0
C14960,2
C14961,1
C14962,2
C14963,2
C14964,2
C14965,0
C14966,0
C14967,1
C14968,0
C14969,1
C14970,1
C14971,0
C14972,0
C14973,0
C14974,0
C14975,2
C14976,0
C14977,0
C14978,0
C14979,2
C14980,1
C14981,0
C14982,0
C14983,2
C14984,0
C14985,1
C14986,1
C14987,0
C14988,0
C14989,0
C14990,2
C14991,0
C14992,0
C14993,0
C14994,2
C14995,0
C14996,2
C14997,1
C14998,0
C15000,2
C15001,0
C15002,2
C15003,2
C15004,0
C15005,1
C15006,0
C15007,0
C15008,1
C15009,0
C15010,0
C15011,2
C15012,1
C15013,0
C15014,2
C15015,1
C15016,2
C15017,2
C15018,0
C15019,0
C15020,0
C15021,0
C15022,0
C15023,0
C15025,0
C15026,0
C15027,2
C15028,0
C15029,0
C15030,0
C15031,1
C15032,0
C15033,2
C15034,1
C15035,0
C15036,2
C15037,2
C15038,1
C15039,0
C15040,2
C15041,2
C15042,2
C15043,1
C15044,1
C15045,0
C15046,0
C15047,2
C15048,0
C15049,2
C15050,0
C15051,0
C15052,1
C15054,2
C15055,0
C15056,2
C15057,2
C15058,2
C15059,0
C15060,1
C15061,0
C15062,2
C15063,0
C15064,2
C15065,0
C15067,0
C15068,0
C15069,0
C15070,0
C15071,0
C15073,1
C15074,0
C15075,1
C15076,0
C15077,0
C15078,0
C15079,0
C15080,0
C15081,1
C15082,1
C15083,0
C15084,1
C15085,0
C15086,0
C15087,1
C15088,0
C15089,2
C15090,0
C15091,1
C15092,1
C15093,0
C15094,1
C15095,0
C15096,0
C15097,0
C15098,2
C15099,2
C15100,1
C15101,1
C15102,0
C15103,0
C15104,2
C15105,1
C15106,0
C15107,0
C15108,0
C15109,0
C15110,0
C15111,1
C15112,0
C15113,0
C15114,1
C15115,0
C15116,1
C15117,0
C15118,2
C15121,0
C15122,2
C15123,1
C15124,0
C15125,2
C15126,0
C15127,0
C15128,0
C15129,0
C15130,1
C15131,0
C15132,1
C15133,1
C15134,0
C15135,1
C15136,1
C15137,2
C15138,0
C15139,2
C15140,0
C15141,0
C15142,2
C15143,0
C15144,0
C15145,1
C15146,2
C15147,0
C15148,0
C15149,0
C15150,0
C15151,2
C15152,1
C15153,0
C15154,2
C15155,2
C15156,0
C15157,2
C15158,1
C15159,2
C15160,1
C15161,0
C15162,0
C15163,2
C15164,2
C15165,0
C15166,0
C15167,1
C15168,2
C15169,2
C15170,0
C15171,0
C15172,1
C15173,1
C15174,1
C15175,0
C15177,1
C15178,1
C15179,0
C15180,1
C15181,2
C15182,0
C15183,0
C15184,1
C15185,0
C15186,2
C15187,1
C15188,2
C15189,0
C15190,2
C15191,0
C15192,0
C15193,2
C15194,1
C15195,1
C15196,2
C15197,0
C15198,0
C15199,0
C15200,0
C15201,1
C15202,0
C15203,1
C15204,0
C15206,0
C15207,2
C15208,2
C15209,0
C15210,0
C15211,1
C15212,1
C15213,0
C15214,0
C15215,0
C15216,0
C15217,0
C15218,2
C15219,0
C15220,0
C15221,2
C15222,1
C15223,2
C15224,0
C15225,0
C15226,1
C15227,0
C15228,0
C15229,2
C15230,2
C15232,2
C15233,2
C15234,0
C15235,2
C15236,1
C15237,0
C15239,2
C15240,0
C15241,0
C15242,1
C15243,0
C15244,0
C15245,0
C15246,1
C15247,0
C15248,0
C15249,0
C15250,2
C15251,1
C15252,0
C15253,0
C15254,0
C15255,2
C15256,2
C15257,0
C15258,0
C15259,0
C15260,0
C15261,1
C15262,0
C15263,2
C15264,0
C15265,2
C15266,1
C15267,0
C15268,1
C15269,0
C15270,0
C15271,0
C15272,0
C15273,2
C15274,2
C15275,0
C15276,0
C15277,1
C15278,0
C15279,1
C15280,2
C15281,2
C15282,2
C15283,0
C15284,1
C15285,1
C15286,1
C15287,0
C15288,0
C15289,1
C15290,0
C15291,1
C15292,0
C15293,0
C15294,2
C15295,0
C15296,0
C15297,0
C15298,2
C15299,1
C15300,1
C15301,2
C15302,0
C15303,1
C15304,2
C15305,0
C15306,0
C15307,0
C15308,1
C15309,0
C15310,0
C15311,1
C15312,2
C15313,2
C15314,0
C15315,0
C15316,1
C15317,0
C15318,0
C15319,2
C15320,2
C15321,2
C15322,1
C15323,1
C15324,0
C15325,0
C15326,1
C15327,1
C15328,0
C15329,1
C15330,0
C15331,0
C15332,0
C15333,0
C15334,2
C15335,0
C15336,1
C15337,1
C15338,1
C15339,2
C15341,0
C15342,0
C15343,2
C15344,1
C15345,0
C15346,0
C15347,1
C15348,2
C15349,0
C15350,1
C15351,0
C15352,0
C15353,0
C15354,2
C15355,0
C15356,0
C15357,1
C15358,2
C15359,0
C15360,1
C15361,0
C15362,1
C15364,2
C15365,2
C15366,0
C15367,1
C15368,2
C15369,2
C15370,0
C15371,0
C15372,1
C15373,2
C15374,0
C15375,0
C15376,2
C15377,0
C15378,0
C15379,1
C15380,2
C15381,0
C15382,0
C15383,0
C15384,1
C15385,2
C15386,0
C15387,2
C15388,0
C15389,0
C15390,1
C15391,0
C15392,0
C15393,0
C15394,0
C15395,0
C15396,2
C15397,0
C15398,2
C15399,0
C15400,0
C15401,0
C15402,2
C15403,2
C15404,0
C15405,0
C15406,0
C15407,2
C15408,1
C15409,0
C15410,0
C15411,2
C15412,0
C15413,1
C15414,2
C15415,2
C15417,0
C15418,1
C15419,1
C15420,0
C15421,2
C15422,1
C15423,2
C15424,2
C15425,0
C15426,0
C15427,0
C15428,2
C15429,1
C15430,1
C15431,0
C15432,0
C15433,1
C15435,2
C15436,1
C15437,0
C15438,0
C15439,2
C15440,0
C15441,0
C15442,0
C15443,2
C15444,1
C15445,1
C15446,0
C15448,2
C15449,2
C15450,1
C15451,0
C15452,0
C15453,0
C15454,0
C15455,0
C15456,0
C15457,0
C15459,0
C15460,0
C15461,2
C15462,1
C15463,1
C15464,0
C15465,0
C15466,0
C15467,0
C15469,0
C15470,0
C15471,1
C15472,0
C15473,0
C15474,0
C15475,1
C15476,0
C15477,0
C15478,0
C15479,2
C15480,1
C15481,0
C15482,1
C15483,2
C15484,0
C15485,0
C15486,2
C15487,0
C15488,0
C15489,0
C15490,2
C15491,0
C15492,2
C15493,1
C15494,0
C15495,0
C15496,2
C15497,1
C15498,0
C15499,2
C15500,2
C15501,1
C15502,0
C15503,2
C15504,1
C15505,0
C15506,2
C15507,2
C15508,1
C15509,0
C15510,1
C15511,0
C15512,1
C15513,0
C15514,0
C15515,1
C15516,0
C15517,0
C15519,1
C15520,2
C15521,1
C15522,0
C15523,1
C15524,1
C15525,0
C15526,0
C15527,1
C15528,0
C15529,0
C15530,2
C15531,0
C15532,0
C15533,1
C15534,1
C15535,1
C15536,1
C15537,0
C15538,1
C15539,0
C15540,1
C15541,2
C15542,1
C15543,0
C15544,0
C15545,0
C15546,0
C15547,1
C15548,2
C15549,0
C15550,2
C15551,1
C15552,0
C15553,2
C15554,2
C15555,0
C15556,1
C15557,2
C15558,0
C15559,0
C15560,0
C15561,1
C15562,2
C15563,1
C15564,0
C15565,0
C15566,0
C15567,0
C15568,0
C15569,0
C15570,0
C15571,2
C15572,0
C15573,2
C15574,2
C15575,1
C15576,1
C15577,0
C15578,2
C15579,0
C15580,2
C15581,0
C15582,0
C15583,0
C15584,0
C15585,0
C15586,1
C15587,1
C15588,0
C15589,0
C15590,0
C15591,0
C15592,1
C15593,1
C15594,0
C15595,0
C15596,0
C15597,2
C15598,1
C15599,1
C15600,2
C15601,1
C15602,0
C15603,2
C15604,0
C15605,1
C15606,2
C15607,2
C15608,0
C15609,2
C15610,0
C15611,1
C15612,0
C15613,2
C15614,1
C15615,0
C15616,1
C15617,0
C15618,0
C15619,1
C15620,0
C15621,1
C15622,0
C15623,0
C15624,0
C15625,2
C15626,0
C15627,2
C15628,2
C15629,2
C15630,0
C15631,0
C15632,0
C15633,1
C15634,1
C15636,0
C15637,1
C15638,0
C15639,0
C15640,1
C15641,0
C15642,1
C15643,1
C15644,2
C15645,0
C15646,2
C15647,1
C15648,0
C15649,2
C15650,0
C15651,1
C15652,1
C15653,1
C15654,2
C15655,0
C15656,0
C15657,0
C15658,1
C15659,0
C15660,0
C15661,1
C15662,0
C15663,2
C15664,1
C15666,1
C15667,2
C15668,1
C15669,2
C15670,2
C15671,2
C15672,0
C15673,0
C15674,1
C15675,1
C15676,2
C15677,1
C15678,2
C15680,2
C15681,2
C15682,0
C15683,0
C15684,1
C15685,0
C15686,0
C15687,2
C15688,0
C15689,0
C15690,0
C15691,0
C15692,0
C15693,0
C15694,1
C15695,2
C15696,0
C15697,0
C15698,0
C15699,1
C15700,2
C15701,2
C15702,0
C15703,2
C15704,2
C15705,2
C15706,0
C15707,0
C15708,0
C15709,1
C15710,0
C15711,0
C15712,0
C15713,1
C15714,0
C15715,0
C15716,0
C15717,0
C15718,1
C15719,2
C15720,0
C15721,0
C15722,1
C15723,2
C15724,1
C15725,1
C15726,0
C15727,0
C15728,1
C15729,2
C15730,0
C15731,2
C15732,0
C15733,0
C15734,0
C15735,0
C15736,1
C15737,1
C15738,0
C15739,0
C15740,0
C15741,1
C15742,2
C15743,1
C15744,0
C15745,0
C15746,0
C15747,0
C15748,1
C15749,0
C15750,0
C15751,0
C15752,1
C15753,2
C15754,1
C15755,2
C15756,1
C15757,0
C15758,1
C15759,0
C15760,0
C15761,0
C15762,0
C15763,1
C15764,2
C15765,0
C15766,1
C15767,0
C15768,0
C15769,0
C15770,2
C15771,0
C15773,0
C15774,0
C15775,0
C15776,2
C15777,0
C15778,0
C15779,1
C15780,0
C15781,0
C15782,0
C15783,0
C15784,0
C15785,0
C15786,0
C15787,0
C15789,0
C15790,1
C15791,0
C15792,1
C15793,0
C15794,1
C15795,0
C15796,1
C15797,1
C15798,0
C15799,0
C15800,0
C15801,0
C15802,0
C15803,2
C15804,1
C15805,1
C15806,0
C15807,2
C15808,0
C15809,0
C15810,0
C15811,1
C15812,0
C15813,0
C15814,0
C15815,2
C15816,0
C15817,0
C15818,0
C15819,1
C15820,1
C15821,0
C15822,0
C15823,1
C15824,1
C15825,1
C15826,0
C15827,1
C15828,2
C15829,0
C15830,0
C15831,2
C15832,2
C15833,1
C15834,0
C15835,0
C15836,0
C15837,0
C15838,1
C15839,0
C15840,0
C15841,2
C15842,1
C15843,0
C15844,0
C15845,2
C15846,0
C15847,0
C15848,0
C15849,0
C15850,0
C15851,0
C15852,2
C15853,2
C15854,1
C15856,0
C15857,0
C15858,0
C15859,1
C15860,0
C15861,1
C15862,1
C15863,1
C15864,1
C15865,0
C15866,0
C15867,2
C15868,0
C15869,0
C15870,1
C15871,1
C15872,2
C15873,0
C15874,0
C15875,1
C15876,1
C15877,0
C15878,2
C15879,1
C15880,1
C15881,0
C15882,0
C15883,1
C15885,0
C15886,1
C15887,1
C15888,0
C15889,0
C15890,0
C15891,0
C15892,2
C15893,1
C15894,0
C15895,1
C15896,1
C15897,1
C15898,0
C15899,0
C15900,1
C15901,1
C15902,2
C15903,0
C15904,2
C15905,0
C15906,1
C15907,0
C15908,0
C15909,0
C15910,0
C15912,2
C15913,0
C15914,0
C15915,1
C15916,0
C15917,0
C15918,0
C15919,0
C15920,0
C15921,1
C15922,0
C15923,2
C15924,0
C15925,1
C15926,0
C15927,0
C15928,0
C15929,0
C15930,0
C15931,0
C15932,2
C15933,1
C15934,0
C15935,1
C15936,1
C15937,0
C15938,0
C15939,0
C15940,1
C15941,1
C15943,0
C15944,0
C15945,0
C15946,0
C15947,1
C15948,1
C15949,0
C15950,2
C15951,1
C15952,0
C15953,0
C15954,0
C15955,0
C15956,2
C15957,0
C15958,1
C15959,1
C15960,0
C15961,0
C15962,1
C15963,1
C15965,1
C15966,1
C15967,2
C15968,2
C15969,0
C15970,2
C15971,0
C15972,0
C15973,0
C15974,0
C15975,2
C15976,0
C15977,1
C15978,2
C15979,0
C15980,1
C15981,1
C15982,0
C15983,0
C15984,2
C15985,1
C15986,1
C15987,2
C15988,0
C15989,2
C15990,0
C15991,0
C15992,0
C15993,1
C15994,2
C15995,2
C15996,0
C15997,0
C15998,1
C15999,2
C16000,0
C16001,1
C16002,2
C16003,1
C16004,1
C16005,1
C16007,1
C16008,2
C16009,0
C16010,0
C16011,2
C16012,0
C16013,0
C16014,1
C16015,1
C16016,2
C16017,1
C16018,1
C16019,2
C16020,2
C16021,0
C16022,0
C16023,0
C16024,2
C16025,2
C16026,0
C16028,0
C16029,0
C16030,1
C16031,2
C16032,0
C16033,0
C16034,0
C16035,0
C16036,1
C16037,0
C16038,2
C16039,0
C16040,2
C16041,0
C16042,0
C16043,0
C16045,0
C16046,1
C16047,2
C16048,0
C16049,2
C16050,1
C16051,0
C16052,0
C16053,1
C16054,1
C16055,0
C16056,2
C16057,0
C16058,0
C16059,1
C16060,0
C16061,1
C16062,0
C16063,2
C16064,0
C16065,0
C16066,0
C16067,1
C16068,0
C16069,1
C16070,2
C16071,0
C16072,0
C16073,0
C16074,0
C16075,1
C16076,0
C16077,0
C16078,1
C16079,1
C16080,1
C16081,1
C16082,1
C16083,0
C16084,0
C16085,1
C16086,0
C16087,0
C16088,0
C16089,0
C16090,1
C16091,0
C16092,1
C16093,0
C16094,0
C16095,2
C16096,0
C16097,0
C16098,0
C16099,1
C16100,1
C16101,2
C16102,2
C16103,2
C16104,1
C16105,0
C16106,0
C16107,0
C16108,1
C16109,1
C16110,1
C16111,2
C16112,1
C16113,0
C16114,1
C16115,0
C16116,0
C16117,0
C16118,1
C16119,0
C16120,0
C16121,0
C16122,1
C16123,2
C16124,0
C16125,0
C16126,2
C16127,0
C16128,0
C16129,0
C16130,2
C16131,2
C16132,0
C16133,0
C16134,1
C16135,1
C16136,1
C16137,0
C16138,2
C16139,1
C16140,0
C16141,0
C16142,0
C16143,1
C16144,0
C16145,0
C16146,0
C16147,2
C16148,1
C16149,0
C16150,0
C16151,0
C16153,0
C16154,0
C16155,1
C16157,1
C16158,1
C16159,0
C16160,0
C16161,1
C16162,1
C16163,0
C16164,1
C16165,2
C16166,0
C16167,1
C16168,2
C16169,1
C16171,0
C16172,0
C16173,1
C16174,0
C16175,0
C16176,0
C16177,1
C16178,2
C16179,0
C16180,0
C16181,1
C16182,0
C16184,0
C16185,1
C16186,0
C16187,0
C16188,0
C16189,2
C16190,0
C16191,2
C16192,1
C16193,1
C16194,0
C16195,0
C16196,0
C16197,2
C16198,2
C16199,1
C16200,2
C16201,0
C16202,2
C16203,2
C16204,2
C16205,0
C16206,0
C16207,1
C16208,2
C16209,0
C16210,2
C16212,2
C16213,0
C16214,2
C16215,0
C16216,1
C16217,1
C16218,1
C16219,0
C16220,2
C16221,2
C16222,0
C16223,0
C16224,1
C16225,0
C16226,2
C16227,0
C16228,2
C16229,0
C16230,0
C16231,2
C16232,0
C16233,0
C16234,2
C16235,2
C16236,2
C16237,1
C16238,1
C16239,0
C16240,0
C16241,0
C16242,0
C16243,0
C16244,1
C16245,1
C16246,0
C16247,2
C16248,2
C16249,1
C16250,1
C16251,0
C16252,0
C16253,0
C16254,0
C16255,2
C16256,0
C16257,0
C16258,0
C16259,0
C16260,0
C16261,2
C16262,2
C16263,0
C16264,1
C16265,0
C16266,0
C16267,2
C16268,2
C16269,0
C16270,2
C16271,0
C16272,0
C16273,1
C16274,0
C16275,0
C16276,0
C16277,1
C16278,1
C16279,0
C16280,2
C16281,0
C16282,2
C16283,1
C16284,2
C16285,0
C16286,0
C16287,1
C16288,1
C16289,0
C16290,1
C16291,1
C16292,2
C16293,0
C16294,1
C16295,1
C16296,1
C16297,1
C16298,0
C16299,2
C16300,1
C16301,0
C16302,2
C16303,1
C16304,2
C16305,2
C16306,0
C16307,2
C16308,0
C16309,1
C16310,2
C16311,1
C16312,2
C16313,0
C16314,1
C16315,1
C16316,0
C16317,1
C16318,2
C16319,0
C16320,0
C16321,0
C16322,2
C16323,0
C16324,2
C16325,0
C16326,2
C16327,0
C16328,0
C16329,1
C16330,0
C16331,0
C16332,1
C16333,0
C16334,0
C16335,0
C16336,2
C16337,1
C16338,1
C16339,1
C16340,0
C16341,1
C16342,0
C16343,1
C16345,0
C16346,2
C16347,0
C16348,2
C16349,0
C16350,0
C16351,1
C16352,0
C16353,1
C16354,1
C16355,0
C16356,2
C16357,0
C16358,1
C16359,1
C16360,1
C16361,0
C16362,0
C16363,0
C16364,1
C16365,0
C16366,0
C16367,0
C16369,1
C16370,1
C16371,2
C16372,0
C16373,1
C16374,0
C16375,0
C16376,0
C16377,1
C16378,1
C16379,2
C16380,0
C16381,1
C16382,0
C16383,2
C16384,1
C16385,1
C16386,1
C16387,0
C16388,1
C16389,2
C16390,0
C16391,0
C16392,2
C16393,0
C16394,0
C16395,0
C16396,1
C16397,0
C16398,0
C16399,0
C16400,0
C16401,1
C16402,0
C16403,2
C16404,0
C16405,0
C16406,0
C16407,0
C16408,1
C16409,0
C16410,0
C16411,2
C16412,2
C16414,1
C16415,1
C16416,2
C16417,0
C16418,1
C16419,1
C16421,0
C16422,1
C16423,0
C16424,2
C16425,0
C16426,1
C16427,0
C16428,0
C16429,0
C16430,1
C16431,0
C16432,1
C16433,2
C16434,1
C16435,0
C16436,0
C16437,1
C16438,0
C16439,2
C16440,0
C16441,1
C16442,0
C16443,0
C16444,0
C16445,0
C16446,0
C16447,1
C16448,2
C16449,1
C16450,2
C16451,2
C16452,0
C16453,0
C16454,2
C16455,0
C16456,0
C16457,1
C16458,0
C16459,2
C16460,1
C16461,0
C16462,2
C16463,1
C16464,0
C16465,2
C16466,1
C16467,2
C16468,1
C16469,1
C16470,0
C16471,2
C16472,2
C16473,0
C16474,0
C16475,0
C16476,0
C16477,0
C16478,2
C16479,2
C16480,2
C16481,2
C16482,0
C16483,1
C16484,0
C16485,0
C16486,0
C16487,0
C16488,0
C16489,1
C16490,2
C16491,0
C16492,2
C16493,1
C16494,2
C16495,2
C16496,0
C16497,0
C16498,2
C16499,1
C16500,2
C16501,1
C16502,0
C16503,0
C16504,2
C16505,1
C16506,2
C16507,2
C16508,1
C16509,2
C16510,0
C16511,2
C16512,0
C16513,0
C16514,0
C16515,0
C16516,1
C16517,0
C16518,0
C16519,1
C16520,0
C16521,1
C16522,2
C16523,0
C16524,2
C16525,1
C16526,1
C16527,2
C16528,0
C16529,0
C16530,1
C16531,0
C16532,0
C16533,2
C16534,0
C16535,1
C16536,1
C16537,0
C16538,0
C16539,1
C16540,0
C16541,1
C16542,0
C16543,1
C16544,2
C16545,1
C16546,1
C16547,0
C16548,0
C16549,0
C16550,0
C16551,0
C16552,0
C16553,1
C16554,0
C16555,2
C16556,2
C16557,2
C16558,0
C16559,0
C16560,0
C16561,0
C16562,1
C16563,2
C16564,0
C16565,2
C16566,0
C16567,2
C16568,1
C16569,0
C16570,0
C16571,0
C16572,1
C16573,0
C16574,0
C16575,2
C16576,0
C16577,0
C16578,0
C16579,2
C16580,1
C16581,1
C16583,0
C16584,1
C16585,0
C16586,0
C16587,1
C16588,1
C16589,0
C16590,0
C16591,0
C16592,1
C16593,1
C16594,0
C16595,1
C16596,0
C16597,1
C16598,1
C16599,2
C16600,2
C16601,0
C16602,2
C16603,0
C16604,2
C16605,2
C16606,1
C16607,2
C16608,0
C16609,1
C16610,0
C16611,2
C16612,0
C16613,0
C16614,2
C16615,0
C16616,2
C16617,2
C16618,0
C16619,2
C16620,1
C16621,1
C16622,0
C16623,0
C16625,0
C16626,0
C16627,0
C16628,1
C16629,0
C16630,2
C16631,0
C16632,1
C16633,0
C16634,0
C16635,0
C16636,2
C16637,0
C16638,0
C16639,0
C16640,0
C16641,0
C16642,0
C16643,0
C16644,0
C16645,1
C16646,0
C16647,2
C16648,0
C16650,0
C16651,0
C16652,1
C16653,0
C16654,0
C16655,1
C16656,0
C16657,1
C16658,2
C16659,0
C16660,0
C16661,2
C16662,2
C16663,1
C16664,0
C16665,0
C16666,1
C16667,0
C16668,1
C16669,0
C16670,1
C16671,0
C16672,1
C16673,0
C16674,2
C16675,0
C16676,0
C16677,2
C16678,0
C16679,1
C16680,0
C16681,0
C16682,0
C16683,2
C16684,0
C16685,0
C16686,2
C16687,0
C16688,0
C16689,0
C16690,2
C16691,1
C16692,0
C16693,0
C16694,2
C16695,0
C16697,0
C16698,0
C16699,0
C16700,1
C16701,0
C16702,0
C16703,0
C16704,1
C16705,0
C16706,0
C16707,2
C16708,0
C16709,1
C16710,1
C16711,0
C16712,0
C16713,1
C16714,0
C16715,0
C16716,0
C16717,1
C16718,0
C16719,1
C16720,2
C16721,0
C16722,0
C16723,0
C16724,1
C16725,0
C16726,0
C16727,0
C16728,1
C16729,1
C16730,1
C16731,1
C16732,2
C16733,2
C16734,0
C16735,0
C16736,1
C16737,0
C16738,0
C16739,2
C16740,0
C16741,0
C16742,2
C16743,1
C16744,0
C16745,1
C16746,0
C16747,1
C16748,0
C16749,0
C16750,0
C16751,0
C16752,0
C16753,0
C16755,0
C16757,1
C16758,2
C16759,0
C16760,0
C16761,0
C16762,2
C16763,0
C16764,0
C16765,0
C16766,0
C16767,1
C16768,2
C16769,0
C16770,1
C16771,0
C16772,1
C16773,2
C16774,1
C16775,0
C16776,0
C16777,1
C16778,0
C16779,1
C16780,1
C16781,2
C16782,1
C16784,0
C16785,2
C16786,1
C16787,0
C16789,0
C16790,0
C16791,0
C16792,0
C16793,0
C16794,0
C16795,1
C16796,2
C16797,1
C16798,0
C16799,2
C16800,0
C16801,0
C16802,0
C16803,1
C16804,1
C16805,1
C16806,2
C16807,2
C16808,0
C16809,2
C16810,2
C16811,1
C16812,2
C16813,0
C16814,0
C16815,2
C16816,1
C16817,2
C16818,2
C16819,0
C16820,0
C16821,2
C16822,0
C16823,2
C16824,1
C16825,0
C16826,0
C16827,0
C16828,0
C16829,1
C16831,2
C16832,2
C16833,0
C16834,2
C16835,1
C16836,0
C16837,1
C16838,1
C16839,0
C16840,0
C16841,0
C16842,0
C16843,0
C16844,2
C16845,0
C16847,0
C16849,0
C16850,0
C16851,0
C16852,2
C16854,1
C16855,0
C16856,1
C16857,2
C16858,0
C16859,0
C16860,0
C16861,0
C16862,0
C16863,1
C16864,0
C16865,2
C16866,1
C16867,0
C16868,1
C16869,2
C16870,1
C16871,0
C16872,0
C16873,2
C16874,2
C16875,2
C16876,2
C16877,0
C16878,0
C16880,0
C16881,2
C16882,0
C16883,0
C16884,1
C16885,0
C16886,0
C16887,0
C16888,0
C16889,1
C16890,1
C16891,0
C16892,2
C16893,2
C16894,0
C16895,1
C16896,0
C16897,2
C16898,0
C16899,0
C16900,0
C16901,2
C16902,1
C16903,0
C16904,1
C16905,0
C16906,1
C16907,0
C16908,1
C16909,0
C16910,2
C16911,0
C16912,0
C16913,0
C16914,1
C16915,0
C16916,1
C16917,0
C16918,2
C16919,0
C16920,2
C16921,0
C16922,0
C16923,2
C16924,0
C16925,0
C16926,0
C16927,0
C16928,0
C16929,0
C16930,1
C16931,1
C16932,0
C16933,2
C16934,2
C16935,2
C16936,0
C16937,2
C16938,2
C16939,0
C16940,2
C16941,0
C16942,0
C16943,0
C16944,1
C16945,0
C16946,1
C16947,1
C16948,0
C16949,0
C16950,0
C16951,0
C16952,0
C16953,0
C16954,0
C16955,1
C16956,0
C16957,0
C16958,1
C16959,0
C16960,0
C16961,0
C16962,0
C16963,0
C16964,0
C16965,0
C16966,0
C16967,0
C16968,0
C16969,1
C16970,0
C16971,0
C16972,0
C16973,1
C16974,1
C16975,0
C16976,2
C16977,0
C16978,0
C16979,1
C16980,1
C16981,0
C16982,0
C16983,0
C16984,0
C16985,0
C16986,2
C16987,2
C16988,0
C16989,0
C16990,0
C16991,0
C16992,0
C16993,0
C16994,1
C16995,2
C16996,0
C16997,2
C16998,0
C16999,0
C17000,0
C17001,0
C17002,0
C17003,0
C17004,0
C17005,1
C17006,2
C17007,0
C17008,0
C17009,0
C17010,1
C17011,0
C17012,0
C17013,0
C17014,1
C17015,2
C17016,2
C17017,1
C17018,2
C17019,0
C17020,0
C17021,0
C17022,0
C17023,2
C17024,0
C17025,2
C17026,1
C17027,2
C17028,0
C17029,0
C17030,1
C17031,0
C17032,1
C17033,0
C17034,2
C17035,1
C17036,0
C17037,0
C17038,0
C17039,1
C17040,0
C17041,0
C17042,0
C17043,0
C17044,0
C17045,2
C17046,1
C17047,0
C17048,0
C17049,2
C17050,0
C17051,1
C17052,1
C17053,0
C17054,0
C17055,1
C17056,1
C17057,0
C17058,0
C17059,0
C17060,1
C17062,0
C17063,0
C17064,0
C17065,0
C17066,0
C17067,0
C17068,2
C17069,0
C17070,0
C17071,0
C17072,2
C17073,1
C17074,0
C17075,0
C17076,0
C17077,0
C17078,1
C17079,0
C17080,1
C17081,0
C17082,2
C17083,0
C17084,2
C17085,0
C17086,2
C17087,1
C17088,0
C17089,1
C17090,0
C17091,0
C17092,0
C17093,0
C17094,1
C17095,2
C17096,0
C17097,0
C17098,1
C17099,1
C17100,0
C17101,0
C17102,0
C17103,1
C17104,0
C17105,2
C17106,0
C17107,0
C17108,0
C17109,0
C17110,0
C17111,0
C17112,0
C17113,0
C17114,0
C17115,1
C17116,0
C17117,0
C17118,2
C17119,0
C17120,0
C17121,1
C17122,0
C17123,0
C17124,0
C17125,0
C17126,2
C17127,0
C17128,0
C17129,0
C17130,1
C17131,0
C17132,1
C17133,2
C17134,1
C17135,0
C17136,0
C17137,0
C17138,1
C17139,2
C17140,1
C17141,0
C17142,0
C17143,0
C17144,0
C17145,1
C17146,1
C17147,0
C17148,1
C17149,0
C17150,0
C17151,0
C17152,1
C17153,1
C17154,1
C17156,1
C17157,0
C17158,1
C17159,1
C17160,2
C17161,0
C17162,0
C17163,1
C17164,0
C17165,0
C17166,0
C17167,0
C17168,2
C17169,0
C17170,0
C17172,0
C17173,0
C17174,0
C17175,0
C17176,0
C17177,2
C17178,0
C17179,2
C17180,0
C17181,2
C17182,0
C17183,2
C17184,1
C17185,0
C17186,1
C17187,0
C17188,1
C17189,0
C17190,0
C17191,2
C17192,0
C17193,0
C17194,0
C17195,2
C17196,0
C17197,0
C17198,0
C17199,2
C17200,0
C17201,1
C17202,1
C17203,1
C17204,2
C17205,0
C17206,1
C17207,0
C17208,0
C17209,0
C17210,2
C17211,1
C17212,1
C17213,0
C17214,0
C17215,1
C17216,2
C17217,0
C17218,1
C17219,0
C17220,2
C17221,2
C17222,0
C17223,0
C17224,0
C17225,0
C17226,0
C17227,0
C17228,0
C17229,0
C17230,0
C17231,1
C17232,1
C17233,1
C17234,0
C17235,0
C17236,0
C17237,2
C17239,0
C17240,2
C17241,0
C17242,1
C17243,0
C17244,0
C17245,1
C17246,0
C17247,0
C17248,0
C17249,0
C17250,0
C17251,0
C17252,1
C17253,0
C17254,0
C17255,1
C17256,1
C17257,0
C17258,0
C17259,0
C17260,1
C17261,0
C17262,1
C17263,0
C17264,0
C17265,1
C17266,0
C17267,0
C17268,0
C17269,1
C17270,2
C17271,0
C17272,1
C17273,2
C17274,0
C17275,0
C17276,0
C17277,0
C17278,1
C17279,0
C17280,0
C17281,0
C17282,0
C17283,0
C17284,0
C17285,0
C17286,2
C17287,0
C17288,0
C17289,0
C17290,2
C17291,0
C17292,0
C17293,0
C17294,0
C17295,0
C17296,0
C17297,1
C17298,0
C17299,0
C17300,0
C17302,1
C17303,0
C17304,2
C17305,1
C17306,0
C17307,0
C17308,2
C17309,0
C17310,0
C17311,2
C17312,0
C17313,0
C17314,0
C17315,2
C17316,0
C17317,2
C17318,0
C17319,0
C17320,2
C17321,0
C17322,1
C17323,0
C17324,0
C17325,1
C17326,1
C17327,2
C17328,0
C17329,0
C17330,0
C17331,0
C17332,0
C17334,0
C17335,0
C17336,0
C17337,0
C17338,0
C17339,0
C17340,0
C17341,0
C17342,0
C17343,0
C17344,2
C17345,0
C17346,2
C17347,0
C17348,2
C17349,0
C17350,1
C17351,1
C17352,1
C17353,0
C17354,0
C17355,1
C17356,1
C17357,0
C17358,0
C17359,1
C17360,0
C17361,0
C17362,0
C17363,1
C17364,0
C17365,0
C17366,0
C17367,0
C17368,0
C17369,2
C17370,0
C17371,0
C17372,1
C17373,0
C17374,0
C17376,1
C17377,2
C17378,0
C17379,2
C17380,0
C17381,0
C17382,2
C17383,1
C17384,0
C17385,2
C17386,0
C17387,1
C17388,1
C17389,0
C17390,2
C17391,0
C17392,0
C17393,1
C17394,1
C17395,1
C17396,0
C17397,1
C17398,0
C17399,1
C17400,0
C17401,0
C17402,0
C17403,0
C17404,2
C17405,1
C17406,1
C17407,1
C17408,0
C17409,0
C17410,0
C17411,1
C17412,1
C17413,0
C17414,1
C17415,0
C17416,0
C17417,1
C17418,2
C17419,0
C17420,1
C17421,0
C17422,1
C17423,0
C17424,2
C17425,2
C17426,1
C17427,2
C17428,1
C17429,1
C17430,0
C17431,1
C17432,0
C17433,1
C17434,1
C17435,0
C17436,0
C17437,0
C17438,0
C17439,0
C17440,2
C17441,0
C17442,0
C17443,0
C17444,0
C17445,0
C17446,0
C17448,2
C17449,0
C17450,2
C17451,0
C17452,1
C17453,0
C17454,1
C17455,0
C17456,0
C17457,0
C17458,0
C17459,2
C17460,0
C17461,2
C17462,0
C17463,0
C17464,0
C17465,2
C17466,2
C17467,2
C17468,1
C17469,1
C17470,0
C17471,0
C17472,1
C17473,2
C17474,0
C17476,1
C17477,1
C17478,0
C17479,2
C17480,1
C17481,0
C17482,0
C17483,2
C17484,0
C17485,0
C17486,0
C17487,1
C17488,1
C17489,0
C17490,0
C17491,0
C17492,0
C17493,0
C17494,1
C17495,0
C17496,0
C17497,0
C17498,0
C17499,0
C17500,1
C17501,0
C17502,0
C17503,0
C17504,0
C17505,2
C17506,0
C17507,0
C17508,2
C17509,0
C17510,0
C17511,0
C17512,0
C17513,0
C17514,0
C17515,0
C17516,2
C17517,2
C17518,2
C17519,0
C17521,1
C17522,0
C17523,0
C17524,0
C17525,0
C17526,0
C17527,0
C17528,2
C17529,0
C17530,0
C17531,1
C17532,0
C17533,1
C17534,2
C17535,2
C17536,1
C17538,1
C17539,0
C17540,2
C17541,2
C17542,0
C17543,1
C17544,0
C17545,0
C17546,0
C17547,0
C17548,0
C17549,2
C17550,2
C17551,1
C17553,0
C17554,0
C17555,0
C17556,0
C17557,0
C17558,0
C17559,1
C17560,0
C17561,2
C17562,0
C17563,1
C17565,0
C17566,2
C17567,0
C17568,1
C17569,0
C17570,0
C17571,2
C17572,0
C17573,2
C17574,2
C17575,0
C17576,1
C17577,0
C17578,0
C17579,2
C17580,0
C17581,0
C17582,0
C17583,2
C17584,0
C17585,1
C17586,0
C17587,0
C17588,0
C17589,0
C17590,1
C17591,0
C17593,0
C17594,0
C17595,0
C17596,1
C17597,0
C17598,1
C17599,0
C17600,0
C17601,0
C17602,0
C17603,0
C17604,0
C17605,1
C17606,0
C17607,1
C17608,0
C17609,0
C17610,0
C17611,0
C17612,1
C17613,0
C17614,1
C17615,0
C17616,0
C17617,0
C17618,0
C17619,2
C17620,0
C17621,2
C17622,1
C17623,0
C17624,0
C17625,0
C17626,0
C17628,0
C17629,1
C17630,2
C17631,1
C17632,2
C17633,0
C17634,0
C17635,1
C17636,1
C17637,0
C17638,0
C17639,0
C17640,0
C17641,0
C17642,0
C17643,0
C17644,0
C17645,0
C17646,1
C17647,2
C17648,0
C17649,2
C17650,0
C17651,0
C17652,0
C17653,0
C17654,1
C17655,0
C17656,0
C17657,0
C17658,2
C17659,0
C17660,1
C17661,2
C17662,0
C17663,1
C17664,1
C17665,0
C17666,0
C17667,1
C17668,0
C17669,2
C17670,1
C17671,1
C17672,0
C17673,0
C17674,0
C17675,0
C17676,2
C17677,1
C17678,0
C17679,0
C17680,2
C17681,1
C17682,0
C17683,0
C17684,0
C17685,0
C17686,1
C17687,2
C17688,0
C17689,1
C17690,1
C17691,1
C17692,0
C17693,2
C17694,2
C17695,0
C17696,0
C17697,0
C17698,1
C17699,0
C17700,0
C17701,2
C17702,0
C17703,0
C17704,0
C17705,0
C17706,1
C17707,0
C17708,0
C17709,0
C17710,0
C17711,2
C17712,0
C17713,0
C17714,2
C17715,0
C17716,2
C17717,2
C17718,0
C17719,2
C17720,0
C17721,0
C17722,0
C17723,0
C17724,2
C17726,0
C17727,2
C17728,0
C17729,0
C17730,0
C17731,2
C17732,1
C17733,0
C17734,0
C17735,0
C17736,0
C17737,0
C17738,1
C17739,2
C17740,2
C17741,0
C17742,1
C17743,0
C17744,0
C17745,0
C17746,0
C17747,0
C17748,0
C17749,0
C17750,1
C17751,0
C17752,0
C17753,1
C17754,1
C17755,1
C17756,0
C17757,2
C17758,0
C17759,1
C17760,0
C17761,0
C17762,0
C17763,0
C17764,1
C17765,1
C17767,0
C17768,0
C17769,0
C17770,2
C17771,0
C17772,2
C17773,2
C17774,2
C17776,0
C17777,2
C17778,0
C17779,0
C17780,0
C17781,0
C17782,0
C17783,0
C17784,1
C17785,0
C17786,2
C17787,0
C17788,1
C17789,1
C17790,1
C17791,1
C17792,2
C17793,2
C17794,0
C17795,1
C17796,0
C17797,1
C17798,0
C17799,1
C17800,0
C17801,0
C17802,1
C17803,0
C17804,2
C17805,1
C17806,0
C17807,1
C17808,0
C17809,1
C17810,0
C17811,0
C17812,0
C17813,0
C17814,0
C17815,2
C17816,0
C17817,2
C17818,0
C17819,2
C17820,0
C17821,2
C17822,0
C17823,1
C17824,1
C17825,0
C17826,1
C17827,1
C17828,0
C17829,1
C17830,1
C17831,0
C17832,0
C17833,0
C17834,0
C17835,2
C17836,0
C17837,1
C17838,0
C17839,0
C17840,1
C17841,1
C17842,0
C17843,1
C17844,0
C17845,0
C17846,0
C17847,0
C17848,0
C17849,0
C17850,0
C17851,1
C17852,0
C17853,0
C17854,1
C17855,1
C17856,1
C17857,2
C17858,0
C17859,0
C17860,2
C17861,2
C17862,1
C17863,0
C17864,0
C17865,2
C17866,0
C17867,2
C17868,0
C17869,0
C17870,0
C17871,0
C17872,0
C17873,1
C17874,1
C17875,0
C17876,0
C17877,1
C17878,1
C17879,0
C17880,1
C17881,0
C17882,2
C17883,1
C17884,0
C17885,0
C17886,2
C17887,1
C17888,1
C17889,1
C17890,1
C17891,1
C17892,1
C17893,0
C17894,1
C17895,2
C17896,0
C17897,0
C17898,2
C17899,1
C17900,0
C17901,0
C17902,0
C17903,0
C17904,0
C17905,1
C17906,0
C17907,0
C17908,0
C17909,0
C17910,0
C17911,1
C17912,2
C17913,0
C17914,0
C17915,1
C17916,1
C17917,2
C17919,1
C17920,0
C17921,0
C17922,0
C17923,0
C17924,0
C17925,0
C17926,0
C17927,2
C17928,2
C17929,0
C17930,1
C17931,1
C17933,0
C17934,0
C17935,0
C17937,1
C17938,2
C17939,2
C17940,0
C17941,1
C17942,0
C17943,1
C17944,0
C17945,2
C17946,0
C17947,0
C17948,2
C17950,0
C17951,0
C17952,2
C17953,1
C17954,2
C17955,0
C17956,1
C17957,0
C17958,1
C17959,0
C17960,0
C17962,1
C17963,0
C17964,0
C17965,0
C17966,0
C17967,1
C17968,0
C17969,0
C17970,2
C17971,0
C17972,2
C17973,0
C17974,0
C17975,1
C17976,0
C17977,0
C17978,1
C17979,2
C17980,0
C17981,0
C17982,2
C17983,1
C17984,1
C17985,1
C17986,1
C17988,0
C17989,0
C17990,0
C17991,0
C17992,0
C17993,0
C17994,1
C17995,1
C17996,0
C17997,1
C17998,2
C17999,0
C18000,0
C18001,0
C18002,0
C18003,1
C18004,0
C18005,0
C18006,2
C18007,2
C18008,0
C18009,0
C18010,0
C18011,0
C18012,0
C18013,0
C18014,0
C18015,0
C18016,0
C18017,1
C18018,0
C18019,1
C18020,1
C18021,2
C18022,0
C18023,1
C18024,1
C18025,2
C18026,1
C18027,0
C18028,2
C18029,0
C18031,2
C18032,2
C18033,2
C18034,0
C18035,2
C18036,0
C18037,0
C18038,0
C18039,1
C18040,2
C18041,1
C18042,0
C18043,1
C18044,0
C18045,2
C18046,0
C18047,0
C18048,0
C18049,1
C18050,0
C18051,1
C18052,1
C18053,1
C18054,1
C18055,0
C18056,2
C18057,0
C18058,0
C18059,0
C18060,2
C18061,0
C18062,0
C18063,0
C18064,0
C18065,2
C18066,0
C18067,2
C18068,0
C18069,0
C18070,0
C18071,0
C18072,0
C18073,1
C18074,1
C18075,0
C18076,1
C18077,0
C18078,0
C18079,0
C18080,0
C18081,0
C18082,0
C18083,1
C18084,2
C18085,1
C18086,0
C18088,1
C18089,0
C18090,0
C18091,1
C18092,0
C18093,0
C18094,0
C18095,0
C18096,2
C18097,0
C18098,2
C18099,0
C18100,0
C18101,0
C18102,2
C18103,2
C18104,0
C18105,0
C18106,0
C18107,0
C18108,1
C18109,0
C18110,2
C18111,1
C18112,0
C18113,2
C18114,2
C18115,1
C18116,2
C18117,2
C18118,1
C18119,0
C18120,0
C18121,0
C18122,0
C18123,0
C18124,0
C18125,2
C18126,0
C18127,1
C18128,0
C18129,0
C18130,0
C18131,0
C18132,0
C18134,0
C18135,0
C18136,2
C18137,0
C18138,2
C18139,1
C18140,0
C18141,0
C18142,0
C18143,0
C18144,0
C18145,2
C18146,0
C18147,2
C18148,0
C18149,0
C18150,0
C18151,1
C18152,0
C18153,0
C18154,0
C18155,0
C18156,2
C18157,2
C18158,0
C18159,0
C18160,0
C18161,0
C18162,0
C18163,2
C18164,0
C18165,0
C18166,0
C18167,0
C18168,0
C18169,0
C18170,0
C18171,1
C18172,1
C18173,1
C18174,0
C18175,1
C18176,0
C18177,2
C18179,1
C18180,1
C18181,2
C18182,1
C18183,0
C18184,0
C18185,0
C18186,0
C18187,0
C18188,0
C18189,0
C18190,0
C18191,2
C18192,0
C18193,0
C18194,0
C18195,0
C18196,2
C18197,0
C18198,1
C18199,0
C18200,0
C18201,1
C18202,0
C18203,1
C18204,0
C18205,0
C18206,0
C18207,1
C18208,0
C18209,0
C18210,0
C18211,1
C18212,0
C18214,1
C18215,0
C18216,1
C18217,0
C18218,0
C18219,0
C18220,0
C18221,0
C18222,2
C18223,2
C18224,1
C18225,0
C18226,0
C18227,0
C18228,0
C18229,1
C18230,0
C18231,0
C18232,0
C18233,2
C18234,0
C18235,0
C18236,1
C18237,0
C18238,2
C18239,0
C18240,0
C18241,0
C18242,0
C18243,2
C18244,0
C18245,1
C18246,0
C18247,0
C18248,0
C18249,0
C18250,0
C18251,0
C18252,0
C18253,0
C18254,1
C18255,0
C18256,0
C18257,0
C18258,1
C18259,0
C18260,0
C18261,0
C18262,0
C18263,1
C18264,0
C18266,0
C18267,0
C18268,0
C18269,0
C18270,1
C18271,0
C18272,0
C18273,1
C18274,0
C18275,0
C18276,0
C18277,0
C18278,0
C18279,0
C18280,0
C18281,0
C18282,1
C18283,2
C18284,0
C18285,0
C18286,0
C18287,0
C18288,0
C18289,0
C18290,1
C18291,2
C18292,2
C18293,1
C18294,1
C18296,0
C18297,0
C18298,0
C18299,2
C18300,0
C18301,1
C18302,0
C18303,0
C18304,0
C18305,1
C18306,0
C18307,1
C18308,2
C18309,0
C18310,0
C18311,0
C18312,0
C18313,2
C18314,0
C18315,0
C18316,0
C18317,0
C18318,0
C18319,0
C18320,1
C18321,1
C18322,0
C18323,0
C18324,0
C18326,2
C18327,0
C18328,0
C18329,0
C18330,2
C18331,1
C18332,0
C18333,0
C18334,0
C18335,0
C18336,0
C18337,0
C18338,0
C18339,1
C18340,1
C18341,0
C18342,1
C18343,0
C18344,0
C18345,0
C18346,0
C18347,1
C18348,2
C18349,0
C18350,0
C18351,1
C18352,0
C18353,0
C18354,0
C18355,0
C18356,0
C18357,0
C18358,1
C18359,1
C18360,1
C18361,0
C18362,0
C18363,0
C18364,0
C18365,1
C18366,1
C18367,1
C18368,1
C18369,0
C18370,1
C18371,1
C18372,0
C18373,0
C18374,1
C18375,0
C18376,0
C18377,0
C18378,0
C18379,2
C18380,1
C18381,0
C18382,1
C18383,0
C18384,1
C18385,0
C18386,0
C18387,0
C18388,0
C18389,0
C18390,1
C18391,0
C18392,0
C18393,0
C18394,2
C18395,0
C18396,0
C18397,2
C18398,0
C18399,0
C18400,1
C18401,2
C18402,2
C18403,0
C18404,0
C18405,0
C18406,0
C18407,1
C18408,0
C18409,0
C18410,0
C18411,0
C18412,0
C18413,1
C18414,0
C18415,1
C18416,0
C18417,0
C18418,0
C18419,0
C18420,1
C18421,0
C18422,0
C18423,1
C18424,1
C18425,0
C18426,1
C18427,0
C18428,1
C18429,0
C18430,0
C18431,0
C18432,0
C18433,0
C18434,0
C18435,2
C18436,1
C18437,1
C18438,0
C18439,0
C18440,0
C18441,0
C18442,0
C18443,1
C18444,0
C18445,0
C18446,0
C18447,1
C18449,0
C18450,0
C18451,0
C18452,0
C18453,0
C18454,0
C18455,0
C18456,0
C18457,0
C18458,1
C18459,0
C18460,2
C18461,1
C18462,0
C18463,0
C18464,1
C18465,0
C18466,0
C18467,0
C18468,0
C18469,0
C18470,0
C18471,1
C18472,1
C18473,0
C18474,0
C18475,1
C18476,0
C18477,2
C18478,0
C18479,1
C18480,2
C18481,0
C18482,0
C18483,0
C18484,0
C18485,1
C18486,1
C18487,1
C18488,0
C18489,1
C18490,0
C18491,0
C18492,0
C18493,2
C18494,0
C18495,0
C18496,0
C18497,1
C18498,0
C18499,0
C18500,0
C18501,1
C18502,0
C18503,1
C18504,1
C18505,1
C18506,0
C18507,0
C18508,1
C18509,0
C18510,0
C18511,0
C18512,0
C18513,2
C18514,0
C18515,0
C18516,0
C18517,1
C18518,0
C18519,1
C18520,0
C18521,0
C18522,1
C18523,1
C18524,0
C18525,0
C18526,0
C18527,1
C18528,1
C18529,1
C18530,1
C18531,2
C18532,2
C18533,0
C18534,2
C18535,1
C18536,1
C18537,0
C18538,1
C18539,1
C18540,0
C18541,1
C18542,0
C18543,0
C18544,0
C18545,1
C18546,2
C18547,0
C18548,0
C18549,0
C18550,0
C18551,0
C18552,0
C18553,0
C18554,0
C18555,0
C18556,0
C18557,0
C18558,0
C18559,0
C18560,0
C18561,0
C18562,0
C18563,0
C18564,0
C18565,0
C18566,0
C18567,1
C18568,1
C18569,0
C18570,0
C18571,1
C18572,0
C18573,0
C18574,0
C18575,0
C18577,2
C18578,2
C18579,0
C18580,0
C18582,2
C18583,0
C18584,0
C18585,1
C18586,0
C18587,0
C18588,1
C18589,0
C18590,0
C18591,0
C18592,0
C18593,0
C18594,1
C18595,0
C18596,2
C18598,0
C18599,2
C18600,0
C18601,1
C18602,0
C18603,0
C18604,2
C18605,0
C18606,0
C18607,0
C18608,0
C18609,0
C18610,0
C18611,0
C18613,2
C18614,0
C18615,0
C18616,1
C18617,2
C18618,0
C18619,0
C18620,1
C18621,2
C18622,0
C18623,0
C18624,0
C18625,0
C18626,0
C18627,1
C18628,0
C18629,0
C18631,0
C18632,0
C18633,0
C18634,0
C18635,1
C18636,1
C18637,1
C18638,0
C18639,0
C18640,0
C18641,0
C18642,0
C18643,2
C18644,0
C18645,0
C18646,0
C18647,1
C18648,1
C18649,0
C18650,0
C18652,0
C18653,0
C18654,0
C18655,0
C18656,0
C18657,0
C18658,0
C18660,0
C18661,0
C18662,0
C18663,0
C18664,2
C18665,0
C18666,1
C18667,0
C18668,0
C18669,0
C18671,0
C18672,0
C18673,0
C18674,0
C18675,2
C18676,0
C18677,0
C18678,0
C18679,0
C18680,1
C18682,2
C18683,1
C18684,2
C18685,0
C18686,0
C18687,1
C18688,0
C18689,0
C18690,0
C18691,2
C18692,0
C18693,1
C18694,0
C18695,2
C18696,0
C18697,0
C18698,0
C18699,2
C18700,2
C18701,1
C18702,0
C18703,0
C18704,0
C18705,0
C18706,1
C18707,0
C18708,0
C18709,1
C18710,0
C18711,0
C18712,0
C18713,0
C18714,0
C18715,0
C18716,2
C18717,0
C18718,0
C18719,2
C18720,0
C18721,0
C18722,2
C18723,2
C18724,0
C18725,2
C18726,0
C18728,0
C18729,0
C18730,0
C18731,0
C18732,1
C18733,1
C18734,1
C18735,0
C18736,0
C18737,1
C18738,0
C18739,1
C18740,0
C18741,0
C18742,0
C18743,0
C18744,0
C18745,0
C18746,0
C18747,0
C18748,0
C18749,1
C18750,0
C18751,0
C18752,1
C18753,0
C18754,0
C18755,0
C18756,0
C18757,0
C18758,0
C18760,0
C18761,1
C18762,0
C18763,0
C18764,0
C18765,2
C18766,0
C18767,2
C18768,0
C18769,0
C18770,0
C18771,0
C18772,0
C18773,2
C18774,0
C18775,0
C18776,0
C18778,1
C18779,1
C18780,2
C18781,2
C18782,1
C18783,0
C18784,0
C18785,2
C18786,0
C18787,0
C18788,0
C18789,1
C18790,0
C18791,2
C18792,0
C18793,0
C18794,0
C18795,0
C18796,2
C18797,1
C18798,0
C18800,0
C18801,1
C18802,0
C18803,0
C18804,2
C18805,0
C18806,0
C18807,0
C18808,0
C18809,1
C18810,0
C18811,0
C18812,0
C18813,0
C18814,0
C18815,0
C18816,1
C18817,0
C18818,1
C18819,0
C18820,0
C18821,0
C18822,0
C18823,1
C18824,2
C18825,0
C18826,1
C18827,0
C18828,0
C18829,0
C18830,0
C18831,1
C18832,1
C18833,1
C18834,0
C18835,0
C18836,2
C18837,0
C18838,0
C18839,0
C18840,0
C18841,0
C18842,0
C18843,1
C18844,0
C18845,2
C18846,0
C18847,2
C18848,0
C18849,0
C18850,1
C18851,2
C18852,0
C18853,0
C18854,0
C18855,0
C18856,0
C18857,0
C18858,0
C18859,0
C18860,1
C18861,0
C18862,0
C18863,0
C18864,2
C18865,0
C18866,0
C18867,0
C18868,0
C18869,0
C18870,0
C18871,0
C18872,0
C18873,1
C18874,0
C18875,0
C18877,0
C18878,0
C18879,0
C18880,1
C18881,1
C18882,0
C18883,0
C18885,1
C18886,2
C18887,1
C18888,0
C18889,0
C18890,0
C18891,0
C18892,0
C18893,0
C18895,0
C18896,0
C18897,0
C18898,2
C18899,2
C18900,1
C18901,0
C18902,0
C18903,0
C18904,0
C18905,0
C18906,0
C18907,0
C18908,0
C18909,1
C18910,0
C18911,0
C18912,0
C18913,0
C18914,0
C18915,1
C18916,1
C18917,1
C18918,0
C18919,0
C18920,0
C18921,1
C18922,1
C18923,0
C18924,0
C18925,1
C18926,2
C18927,1
C18928,0
C18929,0
C18930,0
C18931,1
C18932,0
C18933,0
C18934,0
C18935,2
C18936,0
C18937,1
C18938,0
C18939,0
C18940,0
C18941,0
C18942,1
C18943,0
C18944,2
C18945,1
C18946,1
C18947,0
C18948,0
C18949,0
C18950,0
C18951,0
C18952,0
C18953,0
C18954,0
C18955,0
C18956,0
C18957,1
C18958,0
C18959,1
C18960,0
C18961,1
C18962,2
C18963,1
C18964,0
C18965,0
C18966,1
C18967,0
C18968,0
C18969,1
C18970,0
C18971,0
C18972,0
C18973,1
C18975,2
C18976,0
C18977,1
C18978,1
C18979,0
C18980,0
C18982,0
C18983,0
C18984,1
C18985,1
C18986,0
C18987,0
C18988,0
C18989,0
C18990,0
C18991,0
C18992,0
C18993,0
C18994,0
C18995,0
C18996,1
C18997,0
C18998,0
C18999,0
C19000,0
C19001,0
C19002,0
C19003,2
C19004,0
C19005,0
C19006,0
C19007,1
C19008,0
C19009,0
C19010,0
C19011,0
C19012,0
C19013,0
C19014,0
C19015,0
C19016,1
C19017,0
C19018,0
C19019,1
C19020,0
C19021,0
C19022,0
C19023,0
C19024,1
C19025,0
C19026,0
C19027,0
C19028,0
C19030,0
C19031,0
C19032,1
C19033,0
C19034,0
C19035,1
C19036,0
C19037,0
C19038,0
C19039,0
C19040,0
C19041,2
C19042,1
C19043,0
C19044,1
C19045,0
C19046,0
C19047,0
C19048,0
C19049,0
C19050,0
C19051,0
C19052,0
C19053,1
C19054,0
C19055,0
C19056,1
C19057,0
C19058,0
C19059,1
C19060,0
C19061,0
C19062,0
C19063,0
C19064,0
C19065,0
C19066,0
C19068,0
C19069,1
C19070,0
C19071,0
C19072,0
C19073,0
C19074,0
C19075,0
C19076,1
C19077,0
C19078,0
C19079,1
C19080,1
C19081,1
C19082,0
C19083,0
C19084,0
C19085,0
C19086,1
C19087,0
C19088,0
C19089,1
C19090,0
C19091,0
C19092,1
C19093,0
C19094,0
C19095,0
C19096,0
C19097,2
C19098,1
C19099,1
C19100,0
C19101,0
C19102,0
C19103,0
C19104,0
C19105,0
C19106,0
C19107,0
C19108,0
C19109,1
C19110,1
C19111,0
C19112,0
C19113,1
C19114,0
C19115,0
C19116,0
C19117,0
C19118,0
C19119,0
C19120,0
C19121,0
C19122,1
C19123,0
C19124,0
C19125,0
C19126,0
C19127,0
C19128,0
C19129,0
C19130,2
C19131,0
C19132,0
C19133,0
C19134,0
C19135,0
C19136,0
C19137,0
C19138,2
C19139,0
C19140,0
C19141,0
C19142,0
C19143,0
C19144,0
C19145,0
C19146,0
C19147,0
C19148,0
C19149,0
C19150,0
C19151,0
C19152,0
C19153,1
C19154,0
C19155,1
C19156,1
C19157,0
C19158,1
C19159,0
C19160,0
C19161,0
C19162,0
C19163,0
C19164,2
C19165,0
C19166,0
C19167,0
C19168,0
C19169,0
C19170,0
C19171,0
C19172,0
C19173,0
C19174,0
C19175,0
C19176,0
C19177,0
C19178,0
C19179,0
C19180,0
C19181,0
C19182,1
C19183,0
C19184,0
C19185,0
C19186,0
C19187,0
C19188,0
C19189,0
C19190,0
